ID,Case Number,Date,Block,IUCR,Primary Type,Description,Location Description,Arrest,Domestic,Beat,District,Ward,Community Area,FBI Code,X Coordinate,Y Coordinate,Year,Updated On,Latitude,Longitude,Location
14235030,JK300686,06/16/2026 02:57:00 AM,028XX S ARCHER AVE,0820,THEFT,$500 AND UNDER,SMALL RETAIL STORE,false,false,913,9,11,60,06,1168565,1885797,2026,06/24/2026 03:47:18 PM,41.842154317,-87.656908694,"(41.842154317, -87.656908694)"
14229653,JK294261,06/11/2026 09:30:00 AM,064XX N SHERIDAN RD,0460,BATTERY,SIMPLE,CHA APARTMENT,false,false,2432,24,49,1,08B,1167121,1942715,2026,06/19/2026 03:43:57 PM,41.998371665,-87.660569111,"(41.998371665, -87.660569111)"
14211626,JK272225,05/27/2026 10:00:00 AM,016XX W LE MOYNE ST,0910,MOTOR VEHICLE THEFT,AUTOMOBILE,STREET,false,false,1433,14,1,24,07,1165121,1910165,2026,06/04/2026 03:42:26 PM,41.909095874,-87.668854841,"(41.909095874, -87.668854841)"
14199522,JK257522,05/16/2026 11:45:00 PM,063XX W 64TH PL,0460,BATTERY,SIMPLE,RESIDENCE - PORCH / HALLWAY,false,false,812,8,13,64,08B,1135366,1861080,2026,05/24/2026 03:42:13 PM,41.774979523,-87.779325571,"(41.774979523, -87.779325571)"
14189688,JK245495,05/06/2026 05:00:00 PM,066XX S PERRY AVE,0710,THEFT,THEFT FROM MOTOR VEHICLE,STREET,false,false,722,7,6,69,06,1176542,1860879,2026,05/14/2026 03:42:45 PM,41.773600901,-87.628385732,"(41.773600901, -87.628385732)"
14181707,JK235553,04/28/2026 01:00:00 PM,001XX W MAPLE ST,0460,BATTERY,SIMPLE,APARTMENT,false,false,1824,18,27,8,08B,1174883,1907592,2026,05/06/2026 03:42:09 PM,41.901822321,-87.633071176,"(41.901822321, -87.633071176)"
14169861,JK221253,04/17/2026 11:20:00 AM,033XX N MARSHFIELD AVE,0810,THEFT,OVER $500,SIDEWALK,false,false,1922,19,32,6,06,1164729,1922247,2026,04/25/2026 03:43:40 PM,41.942257928,-87.669951491,"(41.942257928, -87.669951491)"
14169049,JK220201,04/16/2026 04:25:00 PM,060XX S PEORIA ST,0460,BATTERY,SIMPLE,SCHOOL - PUBLIC GROUNDS,false,false,712,7,16,68,08B,1171341,1864917,2026,04/24/2026 03:43:05 PM,41.784797052,-87.647333315,"(41.784797052, -87.647333315)"
14156351,JK203970,04/02/2026 11:30:00 AM,033XX W IRVING PARK RD,1130,DECEPTIVE PRACTICE,FRAUD OR CONFIDENCE GAME,,false,false,1724,17,33,16,11,1153593,1926401,2026,04/10/2026 03:42:37 PM,41.95388599,-87.710770479,"(41.95388599, -87.710770479)"
14149575,JK196541,03/27/2026 07:57:00 PM,015XX E 62ND ST,0460,BATTERY,SIMPLE,SIDEWALK,true,false,314,3,5,42,08B,1187349,1864355,2026,04/04/2026 03:58:05 PM,41.782889416,-87.588659779,"(41.782889416, -87.588659779)"
14148832,JK195701,03/27/2026 06:00:00 AM,029XX W LOGAN BLVD,1310,CRIMINAL DAMAGE,TO PROPERTY,RESIDENCE,false,false,1411,14,1,22,14,1156395,1917148,2026,04/04/2026 03:58:05 PM,41.928438804,-87.700720996,"(41.928438804, -87.700720996)"
14143608,JK188985,03/09/2026 01:00:00 PM,040XX W 115TH ST,0820,THEFT,$500 AND UNDER,APARTMENT,false,false,2211,22,19,74,06,1151295,1828012,2026,03/24/2026 03:41:10 PM,41.683938508,-87.721792427,"(41.683938508, -87.721792427)"
14079900,JK110638,01/10/2026 04:15:00 PM,075XX S DANTE AVE,0430,BATTERY,AGGRAVATED - OTHER DANGEROUS WEAPON,SIDEWALK,false,false,411,4,8,43,04B,1187179,1855338,2026,03/14/2026 03:41:39 PM,41.758150026,-87.589568929,"(41.758150026, -87.589568929)"
14077798,JK108252,12/26/2025 02:00:00 PM,014XX N TALMAN AVE,0620,BURGLARY,UNLAWFUL ENTRY,RESIDENCE - GARAGE,false,false,1423,14,26,24,05,1158482,1909544,2025,03/14/2026 03:41:39 PM,41.90753034,-87.693260527,"(41.90753034, -87.693260527)"
14047043,JJ511522,12/04/2025 09:38:00 PM,076XX S EVANS AVE,0810,THEFT,OVER $500,STREET,false,false,624,6,6,69,06,1182545,1854617,2025,03/14/2026 03:41:39 PM,41.756280213,-87.606574205,"(41.756280213, -87.606574205)"
14029950,JJ490518,11/14/2025 10:00:00 PM,009XX W MONTROSE AVE,1320,CRIMINAL DAMAGE,TO VEHICLE,STREET,false,false,1914,19,46,3,14,1169296,1929405,2025,03/14/2026 03:41:39 PM,41.961801536,-87.652956961,"(41.961801536, -87.652956961)"
14011227,JJ467819,10/27/2025 10:30:00 PM,012XX N LAVERGNE AVE,4387,OTHER OFFENSE,VIOLATE ORDER OF PROTECTION,STREET,false,true,2533,25,37,25,26,1142810,1907635,2025,03/14/2026 03:41:39 PM,41.902598306,-87.750879059,"(41.902598306, -87.750879059)"
14008252,JJ464295,10/24/2025 04:21:00 PM,071XX W GEORGE ST,0710,THEFT,THEFT FROM MOTOR VEHICLE,STREET,false,false,2511,25,29,18,06,1127669,1918458,2025,03/14/2026 03:41:39 PM,41.932566673,-87.806251281,"(41.932566673, -87.806251281)"
14004937,JJ460272,10/21/2025 05:32:00 PM,007XX S CALIFORNIA AVE,0460,BATTERY,SIMPLE,CTA BUS,false,false,1135,11,28,27,08B,1157823,1896427,2025,03/14/2026 03:41:39 PM,41.871549566,-87.696039207,"(41.871549566, -87.696039207)"
14003338,JJ458365,10/19/2025 06:30:00 PM,006XX E 40TH ST,0910,MOTOR VEHICLE THEFT,AUTOMOBILE,CHA APARTMENT,false,false,214,2,4,38,07,1181130,1878356,2025,03/14/2026 03:41:39 PM,41.821454881,-87.611028943,"(41.821454881, -87.611028943)"
13994678,JJ448038,10/11/2025 02:54:00 PM,091XX S COMMERCIAL AVE,4387,OTHER OFFENSE,VIOLATE ORDER OF PROTECTION,SMALL RETAIL STORE,true,true,423,4,10,46,26,1197733,1844926,2025,03/14/2026 03:41:39 PM,41.729321816,-87.551237179,"(41.729321816, -87.551237179)"
13986126,JJ437642,10/03/2025 04:40:00 AM,013XX N MAPLEWOOD AVE,0910,MOTOR VEHICLE THEFT,AUTOMOBILE,ALLEY,false,true,1423,14,26,24,07,1159160,1908886,2025,03/14/2026 03:41:39 PM,41.905710825,-87.690788028,"(41.905710825, -87.690788028)"
13967093,JJ414810,09/12/2025 12:00:00 PM,008XX W KINZIE ST,1320,CRIMINAL DAMAGE,TO VEHICLE,PARKING LOT / GARAGE (NON RESIDENTIAL),false,false,1214,12,27,24,14,1170846,1902903,2025,03/14/2026 03:41:39 PM,41.889044884,-87.648037032,"(41.889044884, -87.648037032)"
13895068,JJ327377,07/06/2025 12:00:00 AM,029XX W ROOSEVELT RD,2825,OTHER OFFENSE,HARASSMENT BY TELEPHONE,APARTMENT,false,false,1135,11,28,29,26,1157077,1894573,2025,03/14/2026 03:41:39 PM,41.866477165,-87.698828386,"(41.866477165, -87.698828386)"
13883099,JJ312665,06/28/2025 02:40:00 PM,015XX W WILSON AVE,0860,THEFT,RETAIL THEFT,DRUG STORE,false,false,1912,19,47,3,06,1165144,1930629,2025,03/14/2026 03:41:39 PM,41.965249692,-87.668187079,"(41.965249692, -87.668187079)"
13882459,JJ312213,06/28/2025 08:15:00 AM,047XX S WABASH AVE,0486,BATTERY,DOMESTIC BATTERY SIMPLE,APARTMENT,false,true,224,2,3,38,08B,1177512,1873717,2025,03/14/2026 03:41:39 PM,41.808807759,-87.624441899,"(41.808807759, -87.624441899)"
13882080,JJ311758,06/27/2025 02:00:00 AM,0000X W HUBBARD ST,0281,CRIMINAL SEXUAL ASSAULT,NON-AGGRAVATED,APARTMENT,false,false,1831,18,42,8,02,1175657,1903301,2025,03/14/2026 03:41:39 PM,41.890030224,-87.630357348,"(41.890030224, -87.630357348)"
13874315,JJ302295,06/20/2025 07:21:00 PM,010XX W 18TH ST,0486,BATTERY,DOMESTIC BATTERY SIMPLE,APARTMENT,true,true,1235,12,25,31,08B,1169628,1891581,2025,03/14/2026 03:41:39 PM,41.858003073,-87.652839615,"(41.858003073, -87.652839615)"
13816872,JJ231594,04/25/2025 12:00:00 PM,051XX N FRANCISCO AVE,1150,DECEPTIVE PRACTICE,CREDIT CARD FRAUD,HOSPITAL BUILDING / GROUNDS,false,false,2031,20,40,4,11,1156106,1934097,2025,03/14/2026 03:41:39 PM,41.974953796,-87.701323687,"(41.974953796, -87.701323687)"
13815355,JJ229584,04/24/2025 09:15:00 AM,090XX S BRANDON AVE,0460,BATTERY,SIMPLE,APARTMENT,true,false,424,4,10,46,08B,1198894,1845666,2025,03/14/2026 03:41:39 PM,41.731323408,-87.546959468,"(41.731323408, -87.546959468)"
13788966,JJ197938,03/27/2025 11:40:00 PM,029XX W WASHINGTON BLVD,0920,MOTOR VEHICLE THEFT,ATTEMPT - AUTOMOBILE,STREET,false,false,1222,12,27,27,07,1156731,1900541,2025,03/14/2026 03:41:39 PM,41.882860968,-87.699936913,"(41.882860968, -87.699936913)"
13746433,JJ146660,02/11/2025 04:00:00 PM,038XX S PARNELL AVE,0910,MOTOR VEHICLE THEFT,AUTOMOBILE,STREET,false,false,915,9,11,60,07,1173264,1879285,2025,11/02/2025 03:41:09 PM,41.824181975,-87.639857777,"(41.824181975, -87.639857777)"
13735022,JJ132594,01/30/2025 02:48:00 PM,007XX W 61ST ST,0486,BATTERY,DOMESTIC BATTERY SIMPLE,RESIDENCE,true,true,711,7,16,68,08B,1172467,1864421,2025,11/02/2025 03:41:09 PM,41.783411246,-87.643219534,"(41.783411246, -87.643219534)"
13646789,JH487656,10/29/2024 02:30:00 PM,059XX S FAIRFIELD AVE,0560,ASSAULT,SIMPLE,APARTMENT,false,false,824,8,16,66,08A,1159060,1865155,2024,05/17/2025 03:40:52 PM,41.785710209,-87.692354311,"(41.785710209, -87.692354311)"
13638358,JH477028,10/20/2024 07:00:00 PM,040XX W 63RD ST,0320,ROBBERY,STRONG ARM - NO WEAPON,SIDEWALK,false,false,813,8,13,65,03,1150574,1862520,2024,05/17/2025 03:40:52 PM,41.778648742,-87.723536854,"(41.778648742, -87.723536854)"
13634334,JH471881,10/17/2024 01:51:00 PM,013XX S KARLOV AVE,0530,ASSAULT,AGGRAVATED - OTHER DANGEROUS WEAPON,STREET,false,false,1011,10,24,29,04A,1149269,1893363,2024,05/17/2025 03:40:52 PM,41.863311568,-87.727523894,"(41.863311568, -87.727523894)"
13605510,JH438168,09/21/2024 09:00:00 AM,006XX N HAMLIN AVE,1310,CRIMINAL DAMAGE,TO PROPERTY,APARTMENT,false,false,1122,11,27,23,14,1150943,1903985,2024,05/17/2025 03:40:52 PM,41.892426925,-87.721100578,"(41.892426925, -87.721100578)"
13562913,JH386666,08/10/2024 07:07:00 PM,014XX N KINGSBURY ST,1305,CRIMINAL DAMAGE,CRIMINAL DEFACEMENT,DEPARTMENT STORE,false,false,1822,18,27,8,14,1170075,1909354,2024,05/17/2025 03:40:52 PM,41.906763691,-87.650679924,"(41.906763691, -87.650679924)"
13520924,JH336783,07/06/2024 06:00:00 PM,035XX S RHODES AVE,0560,ASSAULT,SIMPLE,SIDEWALK,false,true,212,2,4,35,08A,1180172,1881335,2024,05/17/2025 03:40:52 PM,41.829651528,-87.614451899,"(41.829651528, -87.614451899)"
13517437,JH332306,07/03/2024 08:10:00 PM,043XX N ASHLAND AVE,0620,BURGLARY,UNLAWFUL ENTRY,APARTMENT,false,true,1912,19,47,6,05,1164873,1928965,2024,05/17/2025 03:40:52 PM,41.960689376,-87.669230899,"(41.960689376, -87.669230899)"
13509694,JH323442,06/27/2024 10:00:00 AM,031XX W FLOURNOY ST,0560,ASSAULT,SIMPLE,STREET,false,false,1134,11,24,27,08A,1155468,1896862,2024,05/17/2025 03:40:52 PM,41.872790905,-87.70467367,"(41.872790905, -87.70467367)"
13506470,JH319627,06/20/2024 12:00:00 AM,056XX W BERENICE AVE,4387,OTHER OFFENSE,VIOLATE ORDER OF PROTECTION,APARTMENT,false,true,1633,16,38,15,26,1138164,1925033,2024,05/17/2025 03:40:52 PM,41.950425618,-87.767523161,"(41.950425618, -87.767523161)"
13495633,JH306499,06/15/2024 12:36:00 AM,045XX W AUGUSTA BLVD,143A,WEAPONS VIOLATION,UNLAWFUL POSSESSION - HANDGUN,STREET,true,false,1111,11,37,23,15,1146100,1906279,2024,05/17/2025 03:40:52 PM,41.898815363,-87.738828711,"(41.898815363, -87.738828711)"
13523434,JH339570,06/01/2024 09:00:00 AM,035XX W 83RD PL,0820,THEFT,$500 AND UNDER,RESIDENCE - PORCH / HALLWAY,false,false,834,8,18,70,06,1154298,1848991,2024,05/17/2025 03:40:52 PM,41.741449715,-87.710243512,"(41.741449715, -87.710243512)"
13475934,JH282628,05/27/2024 01:00:00 PM,016XX E 87TH PL,0810,THEFT,OVER $500,APARTMENT,false,false,412,4,8,48,06,1188867,1847298,2024,05/17/2025 03:40:52 PM,41.736047295,-87.583639397,"(41.736047295, -87.583639397)"
13469915,JH275231,05/23/2024 05:00:00 AM,080XX S ELLIS AVE,0810,THEFT,OVER $500,APARTMENT,false,true,631,6,8,44,06,1184288,1851971,2024,05/17/2025 03:40:52 PM,41.748978737,-87.600269164,"(41.748978737, -87.600269164)"
13461588,JH264845,05/15/2024 05:45:00 PM,032XX W MADISON ST,0810,THEFT,OVER $500,STREET,false,true,1123,11,28,27,06,1154863,1899836,2024,05/17/2025 03:40:52 PM,41.880964005,-87.706815211,"(41.880964005, -87.706815211)"
13412785,JH204331,03/27/2024 09:00:00 AM,049XX W GLADYS AVE,0910,MOTOR VEHICLE THEFT,AUTOMOBILE,STREET,false,false,1533,15,29,25,07,1143684,1897891,2024,12/21/2024 03:40:46 PM,41.875843293,-87.747912854,"(41.875843293, -87.747912854)"
13318587,JG553943,12/25/2023 04:00:00 AM,080XX S EUCLID AVE,0486,BATTERY,DOMESTIC BATTERY SIMPLE,STREET,false,true,414,4,8,46,08B,1190595,1852082,2023,12/21/2024 03:40:46 PM,41.749133553,-87.577154713,"(41.749133553, -87.577154713)"
13318263,JG553700,12/24/2023 10:00:00 PM,008XX W 33RD ST,0560,ASSAULT,SIMPLE,RESIDENCE,false,true,913,9,11,60,08A,1171118,1883141,2023,12/21/2024 03:40:46 PM,41.83481046,-87.647617797,"(41.83481046, -87.647617797)"
13299127,JG530482,12/06/2023 04:30:00 AM,003XX E 50TH ST,0820,THEFT,$500 AND UNDER,STREET,false,false,224,2,3,38,06,1179420,1871947,2023,12/14/2023 03:41:01 PM,41.803907325,-87.617497886,"(41.803907325, -87.617497886)"
13444931,JH244364,11/27/2023 12:01:00 AM,002XX N LA SALLE ST,0810,THEFT,OVER $500,COMMERCIAL / BUSINESS OFFICE,false,false,122,1,42,32,06,1175099,1901781,2023,05/02/2024 03:41:47 PM,41.885871785,-87.632452147,"(41.885871785, -87.632452147)"
13281961,JG509848,11/18/2023 11:34:00 PM,005XX N LAKE SHORE DR,0880,THEFT,PURSE-SNATCHING,SIDEWALK,false,false,1834,18,42,8,06,1180260,1903999,2023,11/26/2023 03:40:28 PM,41.891840843,-87.613431785,"(41.891840843, -87.613431785)"
13260306,JG483907,10/29/2023 11:38:00 PM,024XX N LECLAIRE AVE,143A,WEAPONS VIOLATION,UNLAWFUL POSSESSION - HANDGUN,STREET,true,false,2521,25,31,19,15,1141978,1915922,2023,11/10/2023 03:40:18 PM,41.925354198,-87.753729467,"(41.925354198, -87.753729467)"
13226448,JG443098,09/28/2023 10:33:00 PM,071XX S PULASKI RD,0460,BATTERY,SIMPLE,CTA BUS,true,false,833,8,18,65,08B,1150938,1857056,2023,10/06/2023 03:43:01 PM,41.763647552,-87.722344693,"(41.763647552, -87.722344693)"
13226084,JG442756,09/28/2023 04:33:00 PM,007XX E 131ST ST,0520,ASSAULT,AGGRAVATED - KNIFE / CUTTING INSTRUMENT,STREET,true,false,533,5,10,54,04A,1183601,1818537,2023,10/06/2023 03:43:01 PM,41.657247613,-87.603824365,"(41.657247613, -87.603824365)"
13229207,JG446539,08/30/2023 12:00:00 AM,070XX S BENNETT AVE,2820,OTHER OFFENSE,TELEPHONE THREAT,APARTMENT,false,true,332,3,5,43,08A,1190099,1858398,2023,10/03/2023 03:41:27 PM,41.766477148,-87.578769217,"(41.766477148, -87.578769217)"
13191941,JG401906,08/29/2023 01:00:00 AM,068XX S HARPER AVE,0486,BATTERY,DOMESTIC BATTERY SIMPLE,ALLEY,true,true,332,3,5,43,08B,1187561,1860049,2023,09/06/2023 03:41:33 PM,41.771068356,-87.588019357,"(41.771068356, -87.588019357)"
13189341,JG398831,08/26/2023 10:30:00 AM,005XX E 32ND ST,0620,BURGLARY,UNLAWFUL ENTRY,APARTMENT,false,false,211,2,4,35,05,1180539,1883677,2023,09/03/2023 03:43:16 PM,41.836069707,-87.613033345,"(41.836069707, -87.613033345)"
13187443,JG396574,08/24/2023 10:00:00 PM,072XX S CHAMPLAIN AVE,0281,CRIMINAL SEXUAL ASSAULT,NON-AGGRAVATED,APARTMENT,false,false,323,3,6,69,02,1181819,1857085,2023,09/01/2023 03:43:17 PM,41.763069461,-87.609158679,"(41.763069461, -87.609158679)"
13167903,JG373281,08/03/2023 12:04:00 PM,069XX N SHERIDAN RD,0890,THEFT,FROM BUILDING,RESIDENCE - PORCH / HALLWAY,false,false,2431,24,49,1,06,1166747,1946376,2023,08/19/2023 03:40:26 PM,42.00842557,-87.661839303,"(42.00842557, -87.661839303)"
13147148,JG348963,07/20/2023 12:30:00 PM,013XX N WELLS ST,1150,DECEPTIVE PRACTICE,CREDIT CARD FRAUD,APARTMENT,false,false,1821,18,2,8,11,1174455,1909496,2023,08/19/2023 03:40:26 PM,41.907056567,-87.634586291,"(41.907056567, -87.634586291)"
13135628,JG335048,07/10/2023 08:57:00 AM,086XX S ST LAWRENCE AVE,2820,OTHER OFFENSE,TELEPHONE THREAT,RESIDENCE,false,false,632,6,6,44,08A,1181754,1847632,2023,08/19/2023 03:40:26 PM,41.737130902,-87.60968831,"(41.737130902, -87.60968831)"
13280477,JG508145,06/16/2023 04:00:00 PM,072XX S CAMPBELL AVE,0810,THEFT,OVER $500,RESIDENCE,false,true,832,8,18,66,06,1160965,1856470,2023,11/19/2023 03:40:38 PM,41.761838161,-87.685609472,"(41.761838161, -87.685609472)"
13097080,JG289307,06/05/2023 04:46:00 PM,043XX W JACKSON BLVD,0486,BATTERY,DOMESTIC BATTERY SIMPLE,APARTMENT,false,true,1131,11,28,26,08B,1147467,1898332,2023,08/19/2023 03:40:26 PM,41.876981804,-87.734011599,"(41.876981804, -87.734011599)"
13073982,JG261714,05/15/2023 04:00:00 PM,064XX W 64TH PL,1310,CRIMINAL DAMAGE,TO PROPERTY,APARTMENT,false,false,812,8,13,64,14,1134632,1861060,2023,08/19/2023 03:40:26 PM,41.774937584,-87.782016845,"(41.774937584, -87.782016845)"
13073492,JG261241,05/15/2023 11:00:00 AM,075XX N BELL AVE,1365,CRIMINAL TRESPASS,TO RESIDENCE,APARTMENT,false,false,2411,24,49,2,26,1160012,1950062,2023,08/19/2023 03:40:26 PM,42.018682337,-87.686516569,"(42.018682337, -87.686516569)"
13068382,JG255051,05/10/2023 10:59:00 AM,052XX W PALMER ST,0560,ASSAULT,SIMPLE,SCHOOL - PUBLIC BUILDING,false,false,2515,25,36,19,08A,1140886,1914122,2023,08/19/2023 03:40:26 PM,41.920434991,-87.757786441,"(41.920434991, -87.757786441)"
13058308,JG242583,04/30/2023 08:20:00 AM,088XX S COTTAGE GROVE AVE,0486,BATTERY,DOMESTIC BATTERY SIMPLE,APARTMENT,false,true,632,6,8,44,08B,1183105,1846661,2023,08/19/2023 03:40:26 PM,41.73443509,-87.604768811,"(41.73443509, -87.604768811)"
13010294,JG185499,03/14/2023 03:00:00 AM,007XX N SACRAMENTO BLVD,1210,DECEPTIVE PRACTICE,THEFT OF LABOR / SERVICES,OTHER (SPECIFY),false,false,1221,12,27,23,11,1156097,1904592,2023,08/19/2023 03:40:26 PM,41.893990113,-87.702155577,"(41.893990113, -87.702155577)"
12980460,JG149657,02/12/2023 07:34:00 AM,033XX W ARMITAGE AVE,031A,ROBBERY,ARMED - HANDGUN,SIDEWALK,false,false,1422,14,26,22,03,1153673,1913089,2023,08/19/2023 03:40:26 PM,41.917355244,-87.710831723,"(41.917355244, -87.710831723)"
12967946,JG134707,01/30/2023 12:00:00 PM,025XX E 83RD ST,0560,ASSAULT,SIMPLE,SIDEWALK,false,false,423,4,7,46,08A,1194703,1850435,2023,08/19/2023 03:40:26 PM,41.744513996,-87.562155793,"(41.744513996, -87.562155793)"
12941499,JG103629,01/04/2023 12:00:00 AM,058XX N SHERIDAN RD,2825,OTHER OFFENSE,HARASSMENT BY TELEPHONE,APARTMENT,false,true,2022,20,48,77,26,1168577,1938929,2023,08/19/2023 03:40:26 PM,41.987951293,-87.655323262,"(41.987951293, -87.655323262)"
12926111,JF514494,12/17/2022 10:43:00 PM,0000X W KINZIE ST,0486,BATTERY,DOMESTIC BATTERY SIMPLE,HOTEL / MOTEL,false,true,1831,18,42,8,08B,1176088,1903018,2022,01/03/2023 03:40:27 PM,41.889243957,-87.628783073,"(41.889243957, -87.628783073)"
12921370,JF508599,12/12/2022 03:30:00 PM,108XX S EBERHART AVE,1320,CRIMINAL DAMAGE,TO VEHICLE,APARTMENT,false,false,513,5,9,49,14,1181502,1833157,2022,01/03/2023 03:40:27 PM,41.6974155,-87.611056451,"(41.6974155, -87.611056451)"
12910982,JF496273,12/03/2022 04:07:00 AM,036XX N CLARK ST,0460,BATTERY,SIMPLE,STREET,true,false,1923,19,44,6,08B,1168277,1924231,2022,01/03/2023 03:40:27 PM,41.947626023,-87.656853521,"(41.947626023, -87.656853521)"
12884831,JF465077,11/06/2022 09:40:00 PM,092XX S GREENWOOD AVE,0460,BATTERY,SIMPLE,APARTMENT,false,false,413,4,8,47,08B,1185159,1844008,2022,01/03/2023 03:40:27 PM,41.727107005,-87.597327075,"(41.727107005, -87.597327075)"
12870159,JF447818,10/23/2022 03:00:00 AM,044XX S FRANCISCO AVE,031A,ROBBERY,ARMED - HANDGUN,SIDEWALK,false,false,922,9,15,58,03,1157772,1875136,2022,01/03/2023 03:40:27 PM,41.813125671,-87.696805771,"(41.813125671, -87.696805771)"
12867616,JF443817,10/21/2022 08:30:00 PM,031XX N LOCKWOOD AVE,0560,ASSAULT,SIMPLE,APARTMENT,false,false,2514,25,31,19,08A,1140484,1920534,2022,01/03/2023 03:40:27 PM,41.938037581,-87.759105707,"(41.938037581, -87.759105707)"
12843565,JF415621,09/29/2022 05:20:00 PM,044XX N CENTRAL AVE,051A,ASSAULT,AGGRAVATED - HANDGUN,BAR OR TAVERN,true,false,1623,16,38,15,04A,1138209,1928924,2022,01/03/2023 03:40:27 PM,41.961102078,-87.767263264,"(41.961102078, -87.767263264)"
12834372,JF404765,09/20/2022 03:00:00 PM,009XX W EASTWOOD AVE,0910,MOTOR VEHICLE THEFT,AUTOMOBILE,STREET,false,false,1914,19,46,3,07,1169051,1931075,2022,01/03/2023 03:40:27 PM,41.966389404,-87.653809022,"(41.966389404, -87.653809022)"
12823684,JF391784,09/10/2022 10:00:00 PM,017XX E 83RD ST,1310,CRIMINAL DAMAGE,TO PROPERTY,RESIDENCE,false,false,412,4,8,45,14,1189442,1850296,2022,01/03/2023 03:40:27 PM,41.744260332,-87.581436871,"(41.744260332, -87.581436871)"
12845464,JF417938,08/26/2022 09:00:00 PM,002XX E 111TH ST,0820,THEFT,$500 AND UNDER,VEHICLE NON-COMMERCIAL,false,false,531,5,9,49,06,1179719,1831409,2022,01/03/2023 03:40:27 PM,41.692659589,-87.617637943,"(41.692659589, -87.617637943)"
12807240,JF372297,08/26/2022 12:00:00 PM,040XX N CUMBERLAND AVE,1320,CRIMINAL DAMAGE,TO VEHICLE,STREET,false,false,1614,16,38,17,14,1119348,1925757,2022,01/03/2023 03:40:27 PM,41.952732399,-87.836675397,"(41.952732399, -87.836675397)"
12797460,JF360754,08/17/2022 10:00:00 PM,011XX N HARDING AVE,1310,CRIMINAL DAMAGE,TO PROPERTY,APARTMENT,false,false,1112,11,37,23,14,1149846,1907277,2022,01/03/2023 03:40:27 PM,41.90148192,-87.725043718,"(41.90148192, -87.725043718)"
12774889,JF334051,07/27/2022 06:53:00 PM,014XX W FULLERTON AVE,1812,NARCOTICS,POSSESS - CANNABIS MORE THAN 30 GRAMS,STREET,true,false,1932,19,2,7,18,1166434,1916048,2022,01/03/2023 03:40:27 PM,41.925211169,-87.663862794,"(41.925211169, -87.663862794)"
12761319,JF317864,07/14/2022 08:19:00 PM,094XX S ASHLAND AVE,143A,WEAPONS VIOLATION,UNLAWFUL POSSESSION - HANDGUN,PARKING LOT / GARAGE (NON RESIDENTIAL),true,false,2221,22,21,73,15,1167328,1842084,2022,01/03/2023 03:40:27 PM,41.722227067,-87.662699211,"(41.722227067, -87.662699211)"
12758326,JF314186,07/12/2022 01:17:00 AM,060XX N WESTERN AVE,0860,THEFT,RETAIL THEFT,CONVENIENCE STORE,false,false,2413,24,40,2,06,1159227,1939947,2022,01/03/2023 03:40:27 PM,41.99094269,-87.689685077,"(41.99094269, -87.689685077)"
12751295,JF305568,07/05/2022 12:50:00 AM,065XX N TALMAN AVE,0486,BATTERY,DOMESTIC BATTERY SIMPLE,RESIDENCE,true,true,2412,24,50,2,08B,1157470,1943333,2022,01/03/2023 03:40:27 PM,42.000270065,-87.696055078,"(42.000270065, -87.696055078)"
12752119,JF306036,07/03/2022 01:24:00 PM,017XX N MARCEY ST,0860,THEFT,RETAIL THEFT,TAVERN / LIQUOR STORE,false,false,1811,18,2,7,06,1168889,1911829,2022,01/03/2023 03:40:27 PM,41.913581053,-87.654964655,"(41.913581053, -87.654964655)"
12743801,JF296284,06/25/2022 03:00:00 PM,058XX W DIVISION ST,0810,THEFT,OVER $500,COMMERCIAL / BUSINESS OFFICE,false,false,1511,15,29,25,06,1137347,1907404,2022,01/03/2023 03:40:27 PM,41.902064444,-87.770951454,"(41.902064444, -87.770951454)"
12731977,JF281985,06/16/2022 11:30:00 AM,105XX S STATE ST,051A,ASSAULT,AGGRAVATED - HANDGUN,RESIDENCE,true,false,512,5,9,49,04A,1178120,1834963,2022,01/03/2023 03:40:27 PM,41.702448579,-87.623384875,"(41.702448579, -87.623384875)"
12718097,JF264471,05/31/2022 12:43:00 PM,034XX W Belmont Ave,0820,THEFT,$500 AND UNDER,RESIDENCE - YARD (FRONT / BACK),false,false,1732,17,35,21,06,,,2022,06/07/2022 03:40:50 PM,,,
12763280,JF320203,05/30/2022 12:00:00 AM,057XX W MADISON ST,2820,OTHER OFFENSE,TELEPHONE THREAT,POLICE FACILITY / VEHICLE PARKING LOT,false,false,1513,15,29,25,08A,1138058,1899436,2022,01/03/2023 03:40:27 PM,41.880186421,-87.768532463,"(41.880186421, -87.768532463)"
12695519,JF238017,05/11/2022 11:00:00 AM,087XX S CARPENTER ST,0486,BATTERY,DOMESTIC BATTERY SIMPLE,RESIDENCE,true,true,2222,22,21,71,08B,1170841,1846885,2022,01/03/2023 03:40:27 PM,41.735325878,-87.649691927,"(41.735325878, -87.649691927)"
12703329,JF240766,05/10/2022 03:05:00 PM,061XX S WOLCOTT AVE,0810,THEFT,OVER $500,SCHOOL - PUBLIC BUILDING,false,false,714,7,15,67,06,1164741,1863948,2022,01/03/2023 03:40:27 PM,41.782279941,-87.671559063,"(41.782279941, -87.671559063)"
13843234,JJ263095,05/01/2022 12:05:00 AM,053XX W KINZIE ST,1153,DECEPTIVE PRACTICE,FINANCIAL IDENTITY THEFT OVER $ 300,,false,false,1523,15,37,25,11,,,2022,05/22/2025 03:42:35 PM,,,
12702437,JF223127,04/28/2022 01:30:00 PM,066XX S HARVARD AVE,0820,THEFT,$500 AND UNDER,STREET,false,false,722,7,6,68,06,1175211,1860880,2022,01/03/2023 03:40:27 PM,41.77363348,-87.633264832,"(41.77363348, -87.633264832)"
12674305,JF212229,04/18/2022 11:53:00 PM,057XX S MICHIGAN AVE,141B,WEAPONS VIOLATION,UNLAWFUL USE - OTHER FIREARM,STREET,false,false,232,2,20,40,15,1178137,1866956,2022,01/03/2023 03:40:27 PM,41.790240779,-87.622354657,"(41.790240779, -87.622354657)"
12649636,JF182763,03/14/2022 01:55:00 PM,052XX W MONROE ST,1310,CRIMINAL DAMAGE,TO PROPERTY,ALLEY,false,false,1522,15,29,25,14,1141500,1899160,2022,01/03/2023 03:40:27 PM,41.879366188,-87.755900469,"(41.879366188, -87.755900469)"
12619479,JF146089,02/16/2022 10:00:00 AM,008XX E 90TH PL,0486,BATTERY,DOMESTIC BATTERY SIMPLE,APARTMENT,false,true,633,6,8,44,08B,1183374,1845148,2022,01/03/2023 03:40:27 PM,41.730276993,-87.603830307,"(41.730276993, -87.603830307)"
12602447,JF124170,01/25/2022 10:22:00 PM,019XX W PETERSON AVE,031A,ROBBERY,ARMED - HANDGUN,ALLEY,false,false,2413,24,40,2,03,1162090,1939875,2022,01/03/2023 03:40:27 PM,41.990685591,-87.679156288,"(41.990685591, -87.679156288)"
12597612,JF119079,01/20/2022 12:00:00 PM,131XX S LANGLEY AVE,0810,THEFT,OVER $500,CHA APARTMENT,false,false,533,5,9,54,06,1183247,1818211,2022,01/03/2023 03:40:27 PM,41.656361234,-87.605129776,"(41.656361234, -87.605129776)"
12642874,JF118681,01/20/2022 10:07:00 AM,070XX S WENTWORTH AVE,143A,WEAPONS VIOLATION,UNLAWFUL POSSESSION - HANDGUN,SIDEWALK,false,false,731,7,6,69,15,,,2022,09/12/2023 03:44:38 PM,,,
12578570,JE490534,12/27/2021 08:25:00 PM,104XX S HALSTED ST,143A,WEAPONS VIOLATION,UNLAWFUL POSSESSION - HANDGUN,STREET,true,false,2233,22,34,49,15,1172827,1835543,2021,01/03/2022 03:46:21 PM,41.704158289,-87.64274934,"(41.704158289, -87.64274934)"
12570899,JE480679,12/17/2021 12:13:00 PM,032XX W DIVERSEY AVE,0497,BATTERY,AGGRAVATED DOMESTIC BATTERY - OTHER DANGEROUS WEAPON,APARTMENT,false,true,1412,14,35,21,04B,1154089,1918434,2021,12/24/2021 03:40:11 PM,41.932014063,-87.709160381,"(41.932014063, -87.709160381)"
12569122,JE479329,12/15/2021 08:10:00 AM,133XX S BRAINARD AVE,0820,THEFT,$500 AND UNDER,PARKING LOT / GARAGE (NON RESIDENTIAL),false,false,433,4,10,55,06,1197792,1817144,2021,12/22/2021 03:42:28 PM,41.653083749,-87.55194424,"(41.653083749, -87.55194424)"
12559503,JE467680,12/04/2021 01:55:00 PM,020XX W WASHBURNE AVE,0890,THEFT,FROM BUILDING,APARTMENT,false,false,1233,12,28,28,06,1162873,1894379,2021,12/11/2021 03:41:46 PM,41.865825285,-87.677556121,"(41.865825285, -87.677556121)"
12556470,JE464004,12/02/2021 07:30:00 AM,004XX W BARRY AVE,1320,CRIMINAL DAMAGE,TO VEHICLE,RESIDENCE - GARAGE,false,false,1934,19,44,6,14,1172771,1920657,2021,12/09/2021 03:54:12 PM,41.937720325,-87.640441006,"(41.937720325, -87.640441006)"
12540099,JE444239,11/13/2021 07:20:00 PM,065XX N GLENWOOD AVE,0430,BATTERY,AGGRAVATED - OTHER DANGEROUS WEAPON,SIDEWALK,true,false,2432,24,49,1,04B,1165745,1943674,2021,11/20/2021 03:41:20 PM,42.001032737,-87.665603433,"(42.001032737, -87.665603433)"
12510947,JE408318,10/12/2021 10:30:00 PM,011XX S MICHIGAN AVE,0560,ASSAULT,SIMPLE,STREET,false,false,123,1,4,32,08A,1177422,1895476,2021,10/19/2021 03:46:54 PM,41.868518128,-87.624113021,"(41.868518128, -87.624113021)"
12504633,JE400385,10/06/2021 04:04:00 PM,016XX E 67TH ST,1310,CRIMINAL DAMAGE,TO PROPERTY,APARTMENT,false,true,332,3,5,43,14,1188483,1860889,2021,10/13/2021 03:49:09 PM,41.77335141,-87.584612886,"(41.77335141, -87.584612886)"
12512752,JE410498,09/30/2021 03:00:00 PM,080XX S COLES AVE,1153,DECEPTIVE PRACTICE,FINANCIAL IDENTITY THEFT OVER $ 300,RESIDENCE,false,false,422,4,7,46,11,1198220,1852156,2021,10/18/2021 03:40:34 PM,41.749149329,-87.549211894,"(41.749149329, -87.549211894)"
12494543,JE388383,09/26/2021 09:24:00 PM,052XX N WAYNE AVE,1365,CRIMINAL TRESPASS,TO RESIDENCE,RESIDENCE,true,false,2013,20,48,77,26,1166366,1934887,2021,10/03/2021 03:40:21 PM,41.976907672,-87.663571695,"(41.976907672, -87.663571695)"
12493395,JE386882,09/25/2021 01:35:00 PM,006XX W 62ND ST,0486,BATTERY,DOMESTIC BATTERY SIMPLE,STREET,true,true,711,7,16,68,08B,1173088,1863777,2021,10/02/2021 03:40:43 PM,41.781630338,-87.640961756,"(41.781630338, -87.640961756)"
12492427,JE385693,09/24/2021 11:40:00 AM,034XX N SOUTHPORT AVE,2850,PUBLIC PEACE VIOLATION,BOMB THREAT,BANK,false,false,1924,19,44,6,24,1166355,1923108,2021,10/01/2021 03:40:23 PM,41.944585867,-87.663950526,"(41.944585867, -87.663950526)"
12490316,JE383134,09/21/2021 06:00:00 PM,063XX S CALIFORNIA AVE,1320,CRIMINAL DAMAGE,TO VEHICLE,STREET,false,false,823,8,17,66,14,1158804,1862421,2021,09/28/2021 03:41:26 PM,41.77821296,-87.69336754,"(41.77821296, -87.69336754)"
12448495,JE331969,08/09/2021 01:45:00 PM,021XX W ERIE ST,1310,CRIMINAL DAMAGE,TO PROPERTY,RESIDENCE,false,false,1221,12,26,24,14,1161986,1904319,2021,08/16/2021 03:40:53 PM,41.893120064,-87.680534798,"(41.893120064, -87.680534798)"
12431629,JE311294,07/23/2021 12:00:00 PM,065XX S PROMONTORY DR,0486,BATTERY,DOMESTIC BATTERY SIMPLE,PARK PROPERTY,false,true,331,3,5,42,08B,1192337,1862034,2021,07/30/2021 03:40:14 PM,41.776400433,-87.570448042,"(41.776400433, -87.570448042)"
12418184,JE295130,07/08/2021 09:15:00 PM,014XX N HALSTED ST,051A,ASSAULT,AGGRAVATED - HANDGUN,APARTMENT,true,true,1822,18,27,8,04A,1170757,1909401,2021,07/15/2021 03:40:23 PM,41.90687774,-87.648173298,"(41.90687774, -87.648173298)"
12403600,JE276948,06/22/2021 09:00:00 PM,027XX N KARLOV AVE,0820,THEFT,$500 AND UNDER,STREET,false,false,2524,25,31,22,06,1148582,1918090,2021,06/29/2021 03:41:09 PM,41.931178328,-87.729406881,"(41.931178328, -87.729406881)"
12395512,JE267225,06/15/2021 11:30:00 AM,030XX S KOLIN AVE,2851,PUBLIC PEACE VIOLATION,ARSON THREAT,SIDEWALK,false,false,1031,10,22,30,24,1147876,1884010,2021,06/22/2021 03:40:52 PM,41.837672589,-87.732877612,"(41.837672589, -87.732877612)"
12413112,JE288846,06/05/2021 12:00:00 AM,004XX W DIVERSEY PKWY,1130,DECEPTIVE PRACTICE,FRAUD OR CONFIDENCE GAME,APARTMENT,false,false,1934,19,44,6,11,1172814,1918898,2021,07/06/2021 03:39:48 PM,41.932892608,-87.64033523,"(41.932892608, -87.64033523)"
12362269,JE218864,05/01/2021 12:00:00 PM,058XX S PRINCETON AVE,0820,THEFT,$500 AND UNDER,RESIDENCE - PORCH / HALLWAY,false,false,711,7,20,68,06,1175284,1866252,2021,05/13/2021 03:39:47 PM,41.788373197,-87.632836808,"(41.788373197, -87.632836808)"
12325269,JE181026,03/27/2021 03:30:00 AM,046XX S WINCHESTER AVE,0496,BATTERY,AGGRAVATED DOMESTIC BATTERY - KNIFE / CUTTING INSTRUMENT,APARTMENT,false,true,924,9,15,61,04B,1164133,1873950,2021,04/03/2021 03:40:04 PM,41.809739487,-87.673506699,"(41.809739487, -87.673506699)"
12327624,JE178074,03/24/2021 08:30:00 AM,011XX S ASHLAND AVE,0340,ROBBERY,ATTEMPT STRONG ARM - NO WEAPON,CHA HALLWAY / STAIRWELL / ELEVATOR,false,false,1231,12,28,28,03,1165901,1895191,2021,04/01/2021 03:40:08 PM,41.867989472,-87.666417011,"(41.867989472, -87.666417011)"
12321635,JE176765,03/22/2021 08:16:00 PM,105XX S OGLESBY AVE,0460,BATTERY,SIMPLE,CHA PARKING LOT / GROUNDS,true,false,434,4,7,51,08B,1193859,1835673,2021,03/29/2021 03:40:13 PM,41.704026401,-87.565730561,"(41.704026401, -87.565730561)"
12278373,JE123101,01/25/2021 04:00:00 PM,043XX S KARLOV AVE,0620,BURGLARY,UNLAWFUL ENTRY,RESIDENCE,false,false,815,8,14,57,05,1149737,1875470,2021,02/01/2021 03:40:44 PM,41.814201753,-87.726270125,"(41.814201753, -87.726270125)"
12276960,JE121419,01/23/2021 07:24:00 PM,087XX S BURLEY AVE,1310,CRIMINAL DAMAGE,TO PROPERTY,APARTMENT,false,false,424,4,10,46,14,1199189,1847530,2021,01/30/2021 03:40:43 PM,41.736430965,-87.545816318,"(41.736430965, -87.545816318)"
12255681,JD471704,12/26/2020 03:00:00 PM,052XX S NAGLE AVE,1154,DECEPTIVE PRACTICE,FINANCIAL IDENTITY THEFT $300 AND UNDER,RESIDENCE,false,false,811,8,14,56,11,1134263,1869176,2020,01/02/2021 03:40:02 PM,41.797215866,-87.783179205,"(41.797215866, -87.783179205)"
12248820,JD463542,12/19/2020 12:36:00 PM,042XX N LINCOLN AVE,0520,ASSAULT,AGGRAVATED - KNIFE / CUTTING INSTRUMENT,GROCERY FOOD STORE,false,false,1911,19,47,5,04A,1161360,1928326,2020,12/26/2020 03:40:06 PM,41.959009912,-87.682164298,"(41.959009912, -87.682164298)"
12223031,JD430872,11/14/2020 03:20:00 AM,015XX W 80TH ST,0486,BATTERY,DOMESTIC BATTERY SIMPLE,APARTMENT,false,true,612,6,21,71,08B,1167584,1851683,2020,12/17/2020 03:40:05 PM,41.748562651,-87.661487053,"(41.748562651, -87.661487053)"
12194740,JD400955,10/16/2020 06:30:00 AM,076XX S JEFFERY BLVD,1130,DECEPTIVE PRACTICE,FRAUD OR CONFIDENCE GAME,GAS STATION,false,false,414,4,8,43,11,1190860,1854807,2020,12/17/2020 03:40:05 PM,41.756604794,-87.576095781,"(41.756604794, -87.576095781)"
12172209,JD374281,09/12/2020 03:45:00 PM,007XX W BELMONT AVE,0890,THEFT,FROM BUILDING,APARTMENT,false,false,1934,19,44,6,06,1170792,1921474,2020,09/24/2020 03:40:04 PM,41.940005868,-87.647690125,"(41.940005868, -87.647690125)"
12136114,JD332338,08/10/2020 04:00:00 AM,004XX N STATE ST,0610,BURGLARY,FORCIBLE ENTRY,OTHER (SPECIFY),false,false,1831,18,42,8,05,1176292,1903428,2020,08/19/2020 03:48:28 PM,41.89036442,-87.628021535,"(41.89036442, -87.628021535)"
12013664,JD190799,03/19/2020 09:05:00 PM,018XX S KILDARE AVE,1753,OFFENSE INVOLVING CHILDREN,SEXUAL ASSAULT OF CHILD BY FAMILY MEMBER,RESIDENCE,false,true,1012,10,24,29,02,1147916,1890793,2020,09/07/2021 03:41:02 PM,41.85628526,-87.73255671,"(41.85628526, -87.73255671)"
11983663,JD154938,02/17/2020 01:15:00 PM,007XX W 72ND ST,1310,CRIMINAL DAMAGE,TO PROPERTY,APARTMENT,false,false,732,7,6,68,14,1172429,1857127,2020,02/24/2020 03:42:55 PM,41.763396489,-87.643573336,"(41.763396489, -87.643573336)"
11980612,JD150973,02/13/2020 09:06:00 PM,012XX N DEARBORN ST,2826,OTHER OFFENSE,HARASSMENT BY ELECTRONIC MEANS,APARTMENT,false,false,1824,18,2,8,26,1175709,1908605,2020,02/20/2020 03:42:07 PM,41.904583499,-87.630006701,"(41.904583499, -87.630006701)"
11962714,JD129333,01/26/2020 01:44:00 PM,018XX W PATTERSON AVE,0610,BURGLARY,FORCIBLE ENTRY,RESIDENCE,false,false,1922,19,47,5,05,1163291,1924266,2020,02/02/2020 03:41:09 PM,41.947828587,-87.675179792,"(41.947828587, -87.675179792)"
11961713,JD128104,01/25/2020 05:46:00 AM,041XX W WASHINGTON BLVD,1565,SEX OFFENSE,INDECENT SOLICITATION OF A CHILD,RESIDENCE,false,false,1114,11,28,26,17,1148833,1900172,2020,11/05/2020 03:42:12 PM,41.882004688,-87.728948432,"(41.882004688, -87.728948432)"
11948422,JD111921,01/11/2020 09:58:00 AM,061XX S RICHMOND ST,0520,ASSAULT,AGGRAVATED:KNIFE/CUTTING INSTR,RESIDENCE,false,true,823,8,16,66,04A,1157766,1863843,2020,01/18/2020 03:40:39 PM,41.782136268,-87.697134354,"(41.782136268, -87.697134354)"
11939285,JD101390,12/25/2019 09:00:00 AM,0000X W GRAND AVE,0890,THEFT,FROM BUILDING,RESTAURANT,false,false,1831,18,42,8,06,1176167,1903900,2019,01/05/2020 03:40:05 PM,41.891662431,-87.628466349,"(41.891662431, -87.628466349)"
11919261,JC543101,12/11/2019 02:45:00 PM,039XX W 79TH ST,5004,SEX OFFENSE,ATT CRIM SEXUAL ABUSE,"SCHOOL, PUBLIC, BUILDING",false,true,834,8,18,70,17,1151370,1851889,2019,09/07/2021 03:41:02 PM,41.749460005,-87.72089612,"(41.749460005, -87.72089612)"
11913882,JC536221,12/05/2019 09:45:00 PM,025XX N KEDZIE BLVD,0460,BATTERY,SIMPLE,STREET,false,false,1413,14,32,22,08B,1154609,1916759,2019,12/12/2019 03:40:51 PM,41.927407329,-87.70729439,"(41.927407329, -87.70729439)"
11912712,JC534886,11/30/2019 11:30:00 PM,018XX N KEDVALE AVE,0620,BURGLARY,UNLAWFUL ENTRY,RESIDENCE,false,false,2534,25,35,20,05,1148427,1911979,2019,12/08/2019 03:57:40 PM,41.91441217,-87.730134448,"(41.91441217, -87.730134448)"
11888133,JC506017,11/10/2019 07:30:00 PM,066XX S GREENWOOD AVE,1365,CRIMINAL TRESPASS,TO RESIDENCE,APARTMENT,false,false,321,3,5,42,26,1184362,1861188,2019,11/21/2019 03:40:23 PM,41.774269351,-87.599709962,"(41.774269351, -87.599709962)"
11889484,JC508046,11/10/2019 06:00:00 PM,036XX S RHODES AVE,0810,THEFT,OVER $500,STREET,false,false,212,2,4,35,06,1180179,1881011,2019,11/17/2019 03:42:22 PM,41.828762287,-87.614436164,"(41.828762287, -87.614436164)"
11887514,JC505190,11/10/2019 07:30:00 AM,024XX N KEELER AVE,1310,CRIMINAL DAMAGE,TO PROPERTY,RESIDENTIAL YARD (FRONT/BACK),true,false,2524,25,31,20,14,1147976,1915900,2019,11/17/2019 03:42:22 PM,41.92518046,-87.731690306,"(41.92518046, -87.731690306)"
11878545,JC494159,11/01/2019 06:20:00 AM,015XX W WALTON ST,031A,ROBBERY,ARMED: HANDGUN,SIDEWALK,false,false,1213,12,1,24,03,1166055,1906431,2019,11/08/2019 03:42:03 PM,41.89882962,-87.665530547,"(41.89882962, -87.665530547)"
11875405,JC490259,10/28/2019 09:30:00 PM,079XX S MERRILL AVE,051A,ASSAULT,AGGRAVATED: HANDGUN,APARTMENT,true,true,414,4,8,46,04A,1191913,1852671,2019,11/13/2019 03:41:16 PM,41.750717932,-87.572306046,"(41.750717932, -87.572306046)"
11857482,JC468340,10/11/2019 08:00:00 AM,003XX W 109TH ST,0486,BATTERY,DOMESTIC BATTERY SIMPLE,RESIDENCE,false,true,513,5,34,49,08B,1175954,1832643,2019,10/18/2019 03:46:41 PM,41.696130885,-87.631385389,"(41.696130885, -87.631385389)"
11840846,JC445659,09/23/2019 04:08:00 PM,012XX N WOOD ST,0610,BURGLARY,FORCIBLE ENTRY,APARTMENT,false,false,1424,14,1,24,05,1164167,1908473,2019,09/30/2019 03:46:14 PM,41.904473134,-87.672407283,"(41.904473134, -87.672407283)"
11835029,JC441197,09/20/2019 11:01:00 AM,016XX W 79TH ST,1822,NARCOTICS,MANU/DEL:CANNABIS OVER 10 GMS,SIDEWALK,true,false,611,6,21,71,18,1166816,1852326,2019,09/27/2019 03:41:15 PM,41.750343555,-87.664282962,"(41.750343555, -87.664282962)"
11792150,JC389994,08/12/2019 12:00:00 PM,093XX S YATES BLVD,0910,MOTOR VEHICLE THEFT,AUTOMOBILE,STREET,true,false,423,4,7,48,07,1193804,1843461,2019,09/22/2019 03:59:38 PM,41.725398784,-87.565677695,"(41.725398784, -87.565677695)"
11787619,JC384629,08/08/2019 05:00:00 PM,061XX S GREENWOOD AVE,0810,THEFT,OVER $500,RESIDENCE,false,false,314,3,20,42,06,1184388,1864548,2019,08/15/2019 03:45:14 PM,41.783488881,-87.599509543,"(41.783488881, -87.599509543)"
11784362,JC380615,08/05/2019 08:00:00 PM,021XX W DEVON AVE,0910,MOTOR VEHICLE THEFT,AUTOMOBILE,STREET,false,false,2413,24,50,2,07,1160561,1942463,2019,08/12/2019 03:42:24 PM,41.997819065,-87.684708198,"(41.997819065, -87.684708198)"
11776010,JC370674,07/30/2019 08:15:00 AM,016XX S KARLOV AVE,0460,BATTERY,SIMPLE,APARTMENT,true,false,1012,10,24,29,08B,1149321,1891529,2019,08/09/2019 03:39:35 PM,41.858277842,-87.727380521,"(41.858277842, -87.727380521)"
11773307,JC367559,07/27/2019 10:52:00 PM,006XX W 79TH ST,3710,INTERFERENCE WITH PUBLIC OFFICER,RESIST/OBSTRUCT/DISARM OFFICER,STREET,true,false,621,6,17,71,24,1173250,1852504,2019,08/03/2019 03:40:58 PM,41.750692299,-87.640700636,"(41.750692299, -87.640700636)"
11764157,JC356472,07/20/2019 02:00:00 AM,048XX S ADA ST,0420,BATTERY,AGGRAVATED:KNIFE/CUTTING INSTR,SIDEWALK,false,false,933,9,20,61,04B,1168143,1872767,2019,07/27/2019 03:41:43 PM,41.806407779,-87.658832693,"(41.806407779, -87.658832693)"
11753148,JC343125,07/10/2019 05:30:00 PM,063XX S DR MARTIN LUTHER KING JR DR,0320,ROBBERY,STRONGARM - NO WEAPON,CONVENIENCE STORE,false,false,312,3,20,42,03,1180005,1863280,2019,07/19/2019 03:40:03 PM,41.780110888,-87.615617777,"(41.780110888, -87.615617777)"
11753259,JC342960,07/03/2019 03:00:00 PM,023XX N LINCOLN PARK WEST,1153,DECEPTIVE PRACTICE,FINANCIAL IDENTITY THEFT OVER $ 300,RESIDENCE,false,false,1814,18,43,7,11,1173876,1915767,2019,07/19/2019 03:40:03 PM,41.924277399,-87.636526022,"(41.924277399, -87.636526022)"
11734417,JC320638,06/23/2019 03:00:00 PM,042XX S STATE ST,0485,BATTERY,AGGRAVATED OF A CHILD,RESIDENCE,false,true,213,2,3,38,04B,1176980,1876853,2019,09/07/2021 03:41:02 PM,41.817425246,-87.626298514,"(41.817425246, -87.626298514)"
11707972,JC288408,06/01/2019 06:24:00 PM,025XX W TOUHY AVE,051A,ASSAULT,AGGRAVATED: HANDGUN,STREET,false,false,2411,24,50,2,04A,1158004,1947684,2019,06/30/2019 03:41:21 PM,42.012198435,-87.693971068,"(42.012198435, -87.693971068)"
11699535,JC278230,05/25/2019 10:00:00 AM,010XX N HAMLIN AVE,2826,OTHER OFFENSE,HARASSMENT BY ELECTRONIC MEANS,APARTMENT,false,true,1112,11,27,23,26,1150859,1906691,2019,06/30/2019 03:41:21 PM,41.899854107,-87.721338189,"(41.899854107, -87.721338189)"
11673535,JC246461,05/02/2019 08:50:00 AM,081XX S PEORIA ST,1365,CRIMINAL TRESPASS,TO RESIDENCE,APARTMENT,false,true,613,6,21,71,26,1171726,1850784,2019,09/07/2021 03:41:02 PM,41.746005924,-87.64633561,"(41.746005924, -87.64633561)"
11672654,JC245371,05/01/2019 11:31:00 AM,034XX W WILSON AVE,0470,PUBLIC PEACE VIOLATION,RECKLESS CONDUCT,"SCHOOL, PUBLIC, BUILDING",false,false,1723,17,33,14,24,1152455,1930350,2019,05/08/2019 04:25:27 PM,41.964744922,-87.714849143,"(41.964744922, -87.714849143)"
11678408,JC252094,04/16/2019 09:00:00 AM,056XX N GLENWOOD AVE,0820,THEFT,$500 AND UNDER,RESIDENCE,false,false,2013,20,48,77,06,1165966,1937476,2019,05/09/2019 04:04:27 PM,41.984020539,-87.664968374,"(41.984020539, -87.664968374)"
11649632,JC217852,04/09/2019 12:00:00 PM,013XX N PINE AVE,0810,THEFT,OVER $500,STREET,false,false,2532,25,37,25,06,1139262,1908194,2019,04/16/2019 04:21:50 PM,41.904197634,-87.763898023,"(41.904197634, -87.763898023)"
11636989,JC202393,03/27/2019 08:00:00 PM,070XX S CLYDE AVE,0486,BATTERY,DOMESTIC BATTERY SIMPLE,RESIDENCE,true,true,331,3,5,43,08B,1191433,1858545,2019,04/03/2019 04:12:54 PM,41.76684831,-87.573874936,"(41.76684831, -87.573874936)"
11615200,JC175746,03/06/2019 10:00:00 AM,011XX S LOOMIS ST,1153,DECEPTIVE PRACTICE,FINANCIAL IDENTITY THEFT OVER $ 300,RESIDENCE,false,false,1231,12,28,28,11,1167215,1895018,2019,03/13/2019 04:11:31 PM,41.867486632,-87.661598059,"(41.867486632, -87.661598059)"
11611796,JC171903,03/02/2019 10:40:00 PM,055XX W BELMONT AVE,0820,THEFT,$500 AND UNDER,STREET,false,false,2514,25,31,19,06,1138555,1920718,2019,03/09/2019 04:05:42 PM,41.938577734,-87.766190806,"(41.938577734, -87.766190806)"
11586802,JC141684,02/05/2019 07:45:00 PM,016XX S SPRINGFIELD AVE,0820,THEFT,$500 AND UNDER,STREET,false,true,1014,10,24,29,06,1150665,1891598,2019,02/12/2019 04:09:48 PM,41.858441052,-87.72244535,"(41.858441052, -87.72244535)"
11579706,JC132869,01/28/2019 06:05:00 PM,004XX S PLYMOUTH CT,1330,CRIMINAL TRESPASS,TO LAND,LIBRARY,true,false,113,1,4,32,26,1176141,1898406,2019,02/04/2019 04:25:57 PM,41.876587174,-87.628727499,"(41.876587174, -87.628727499)"
11566864,JC117144,01/14/2019 04:00:00 PM,051XX W AUGUSTA BLVD,0910,MOTOR VEHICLE THEFT,AUTOMOBILE,STREET,false,false,1531,15,37,25,07,1141694,1906167,2019,01/23/2019 11:26:56 AM,41.898590664,-87.75501472,"(41.898590664, -87.75501472)"
11546748,JB567390,12/26/2018 05:45:00 AM,015XX N KILDARE AVE,0820,THEFT,$500 AND UNDER,VEHICLE-COMMERCIAL,false,false,2534,25,26,23,06,1147436,1909726,2018,01/02/2019 04:18:06 PM,41.90824878,-87.733833118,"(41.90824878, -87.733833118)"
11545281,JB565729,12/24/2018 05:13:00 AM,082XX S ASHLAND AVE,1310,CRIMINAL DAMAGE,TO PROPERTY,COMMERCIAL / BUSINESS OFFICE,false,false,614,6,21,71,14,1167108,1850028,2018,12/31/2018 04:16:57 PM,41.744031282,-87.663278514,"(41.744031282, -87.663278514)"
11545203,JB565667,12/24/2018 01:30:00 AM,087XX S JEFFERY BLVD,0460,BATTERY,SIMPLE,STREET,false,false,412,4,8,48,08B,1191030,1847518,2018,12/31/2018 04:16:57 PM,41.736599019,-87.575707974,"(41.736599019, -87.575707974)"
11538878,JB557936,12/17/2018 07:00:00 PM,021XX E 67TH ST,0820,THEFT,$500 AND UNDER,STREET,false,false,331,3,5,43,06,1191448,1860962,2018,12/24/2018 04:07:53 PM,41.77348038,-87.573741714,"(41.77348038, -87.573741714)"
11505500,JB513621,11/12/2018 07:20:00 PM,049XX N KENMORE AVE,0486,BATTERY,DOMESTIC BATTERY SIMPLE,APARTMENT,false,true,2024,20,48,3,08B,1168357,1933163,2018,11/19/2018 04:22:02 PM,41.972134016,-87.65630006,"(41.972134016, -87.65630006)"
11488333,JB490926,10/25/2018 04:30:00 PM,052XX W ARGYLE ST,0810,THEFT,OVER $500,STREET,false,false,1623,16,45,11,06,1140494,1932751,2018,11/01/2018 04:12:18 PM,41.971561967,-87.758767922,"(41.971561967, -87.758767922)"
11456239,JB444606,09/19/2018 05:30:00 AM,030XX W ARMITAGE AVE,0890,THEFT,FROM BUILDING,CHA APARTMENT,false,false,1414,14,35,22,06,1155840,1913134,2018,10/03/2018 04:01:46 PM,41.91743529,-87.702868881,"(41.91743529, -87.702868881)"
11437222,JB423308,08/16/2018 12:00:00 PM,023XX W ROOSEVELT RD,0820,THEFT,$500 AND UNDER,STREET,false,false,1233,12,25,28,06,1160890,1894657,2018,09/08/2018 03:56:46 PM,41.866629481,-87.684828131,"(41.866629481, -87.684828131)"
11515108,JB526341,08/15/2018 09:00:00 PM,035XX W PALMER ST,0560,ASSAULT,SIMPLE,RESIDENCE,false,false,1413,14,35,22,08A,1152280,1914391,2018,11/28/2018 04:14:58 PM,41.920955678,-87.715915219,"(41.920955678, -87.715915219)"
11415770,JB395739,08/15/2018 05:30:00 PM,012XX S MICHIGAN AVE,0820,THEFT,$500 AND UNDER,VEHICLE NON-COMMERCIAL,false,false,131,1,2,33,06,1177419,1894900,2018,08/22/2018 04:19:05 PM,41.866937617,-87.624141504,"(41.866937617, -87.624141504)"
11411707,JB390609,08/12/2018 10:00:00 AM,017XX W 71ST ST,0620,BURGLARY,UNLAWFUL ENTRY,RESIDENCE,false,false,735,7,17,67,05,1166144,1857617,2018,08/19/2018 04:03:34 PM,41.764877104,-87.666595215,"(41.764877104, -87.666595215)"
11398995,JB374092,08/01/2018 08:56:00 AM,003XX E 79TH ST,2024,NARCOTICS,POSS: HEROIN(WHITE),SIDEWALK,true,false,623,6,6,44,18,1180007,1852708,2018,08/08/2018 04:16:44 PM,41.751100164,-87.615933706,"(41.751100164, -87.615933706)"
11413989,JB393659,06/26/2018 10:00:00 AM,053XX N NOTTINGHAM AVE,1153,DECEPTIVE PRACTICE,FINANCIAL IDENTITY THEFT OVER $ 300,RESIDENCE,false,false,1613,16,41,10,11,1128305,1935186,2018,08/17/2018 03:59:05 PM,41.978459428,-87.803533956,"(41.978459428, -87.803533956)"
11359751,JB322780,06/25/2018 10:27:00 PM,011XX S MAYFIELD AVE,041A,BATTERY,AGGRAVATED: HANDGUN,ALLEY,false,false,1513,15,29,25,04B,1137223,1894529,2018,07/02/2018 03:51:34 PM,41.86673598,-87.77171643,"(41.86673598, -87.77171643)"
11357600,JB320045,06/24/2018 01:10:00 AM,047XX W WEST END AVE,0420,BATTERY,AGGRAVATED:KNIFE/CUTTING INSTR,STREET,false,false,1113,11,28,25,04B,1144858,1900562,2018,07/01/2018 03:55:31 PM,41.883150785,-87.743534907,"(41.883150785, -87.743534907)"
11353482,JB314490,06/19/2018 06:45:00 PM,015XX S KILBOURN AVE,1320,CRIMINAL DAMAGE,TO VEHICLE,APARTMENT,false,false,1012,10,24,29,14,1146635,1892161,2018,06/26/2018 03:54:59 PM,41.860063726,-87.73722383,"(41.860063726, -87.73722383)"
11323052,JB273820,05/22/2018 03:00:00 AM,0000X N MASON AVE,0820,THEFT,$500 AND UNDER,STREET,false,false,1513,15,29,25,06,1136772,1899660,2018,05/29/2018 03:59:39 PM,41.880824234,-87.773249218,"(41.880824234, -87.773249218)"
11305117,JB250288,05/04/2018 08:34:00 PM,073XX S KINGSTON AVE,0486,BATTERY,DOMESTIC BATTERY SIMPLE,STREET,true,true,334,3,7,43,08B,1194148,1856923,2018,05/11/2018 03:53:11 PM,41.762331209,-87.563976757,"(41.762331209, -87.563976757)"
11277542,JB213336,04/06/2018 07:00:00 AM,110XX S VERNON AVE,1310,CRIMINAL DAMAGE,TO PROPERTY,RESIDENCE,false,true,513,5,9,49,14,1181207,1831760,2018,05/04/2018 03:51:04 PM,41.693588725,-87.612179395,"(41.693588725, -87.612179395)"
11267016,JB200106,03/26/2018 09:30:00 AM,074XX S YATES BLVD,0486,BATTERY,DOMESTIC BATTERY SIMPLE,PARKING LOT/GARAGE(NON.RESID.),false,true,334,3,7,43,08B,1193497,1856026,2018,05/04/2018 03:51:04 PM,41.759885725,-87.566392026,"(41.759885725, -87.566392026)"
11230506,JB151752,02/14/2018 11:51:00 AM,016XX N CLARK ST,0820,THEFT,$500 AND UNDER,STREET,false,false,1814,18,43,7,06,1175164,1911183,2018,05/04/2018 03:51:04 PM,41.911669895,-87.631931184,"(41.911669895, -87.631931184)"
11223431,JB136074,01/26/2018 01:00:00 PM,100XX W OHARE ST,0820,THEFT,$500 AND UNDER,AIRPORT BUILDING NON-TERMINAL - SECURE AREA,false,false,1651,16,41,76,06,1100658,1934241,2018,05/04/2018 03:51:04 PM,41.976290414,-87.905227221,"(41.976290414, -87.905227221)"
11214208,JB129784,01/25/2018 09:00:00 PM,045XX S SAWYER AVE,1320,CRIMINAL DAMAGE,TO VEHICLE,STREET,false,false,821,8,14,58,14,1155465,1874244,2018,05/04/2018 03:51:04 PM,41.810724485,-87.705291915,"(41.810724485, -87.705291915)"
11213643,JB129096,01/24/2018 09:52:00 AM,025XX W CHARLESTON ST,0820,THEFT,$500 AND UNDER,RESIDENCE PORCH/HALLWAY,false,false,1431,14,1,22,06,1159340,1914082,2018,05/04/2018 03:51:04 PM,41.919965347,-87.689983655,"(41.919965347, -87.689983655)"
11203805,JB115847,01/13/2018 09:00:00 AM,088XX S PAULINA ST,0620,BURGLARY,UNLAWFUL ENTRY,RESIDENCE,false,false,2221,22,21,71,05,1166552,1846122,2018,05/04/2018 03:51:04 PM,41.733324507,-87.665426831,"(41.733324507, -87.665426831)"
11201447,JB112612,01/10/2018 05:53:00 PM,046XX W IRVING PARK RD,0860,THEFT,RETAIL THEFT,DRUG STORE,false,false,1722,17,45,15,06,1144295,1926174,2018,05/04/2018 03:51:04 PM,41.953443342,-87.744957048,"(41.953443342, -87.744957048)"
11196129,JB105446,01/05/2018 02:00:00 PM,023XX S WENTWORTH AVE,0820,THEFT,$500 AND UNDER,STREET,false,false,914,9,25,34,06,1175345,1888618,2018,05/04/2018 03:51:04 PM,41.849746133,-87.631943733,"(41.849746133, -87.631943733)"
11219803,JB135752,12/30/2017 12:00:00 AM,0000X W HURON ST,0820,THEFT,$500 AND UNDER,PARKING LOT/GARAGE(NON.RESID.),false,false,1832,18,42,8,06,,,2017,02/01/2018 03:56:46 PM,,,
11164001,JA530969,11/30/2017 12:36:00 PM,027XX N NARRAGANSETT AVE,0860,THEFT,RETAIL THEFT,SMALL RETAIL STORE,false,false,2512,25,36,19,06,1133279,1917422,2017,02/10/2018 03:50:01 PM,41.929627277,-87.785659069,"(41.929627277, -87.785659069)"
11146475,JA508110,11/11/2017 04:52:00 PM,061XX N WESTERN AVE,0560,ASSAULT,SIMPLE,DRUG STORE,false,false,2413,24,50,2,08A,1159208,1940733,2017,02/10/2018 03:50:01 PM,41.993099897,-87.689733236,"(41.993099897, -87.689733236)"
11145352,JA506111,11/09/2017 04:00:00 PM,078XX S MAY ST,0820,THEFT,$500 AND UNDER,STREET,false,false,612,6,17,71,06,1170012,1852830,2017,02/10/2018 03:50:01 PM,41.751657804,-87.652556744,"(41.751657804, -87.652556744)"
11142527,JA502515,11/07/2017 12:20:00 PM,046XX W ADAMS ST,2024,NARCOTICS,POSS: HEROIN(WHITE),SIDEWALK,true,false,1113,11,28,25,18,1145386,1898719,2017,02/10/2018 03:50:01 PM,41.878083399,-87.741642698,"(41.878083399, -87.741642698)"
11139064,JA497978,11/03/2017 09:14:00 PM,011XX S CLARK ST,0860,THEFT,RETAIL THEFT,DEPARTMENT STORE,true,false,123,1,2,32,06,1175696,1895352,2017,02/10/2018 03:50:01 PM,41.86821682,-87.6304532,"(41.86821682, -87.6304532)"
11362959,JB325843,11/01/2017 01:50:00 PM,022XX N Clifton Ave,0890,THEFT,FROM BUILDING,"SCHOOL, PUBLIC, BUILDING",false,false,1811,18,32,7,06,,,2017,06/29/2018 03:54:08 PM,,,
11134878,JA492576,10/30/2017 10:30:00 PM,003XX S STATE ST,0460,BATTERY,SIMPLE,CTA PLATFORM,false,false,113,1,2,32,08B,1176426,1898846,2017,11/06/2017 03:52:31 PM,41.877788135,-87.627667799,"(41.877788135, -87.627667799)"
11127603,JA482926,10/23/2017 05:19:00 PM,032XX S DR MARTIN LUTHER KING JR DR,0325,ROBBERY,VEHICULAR HIJACKING,VEHICLE NON-COMMERCIAL,false,false,211,2,4,35,03,1179444,1883591,2017,02/10/2018 03:50:01 PM,41.835858844,-87.617053873,"(41.835858844, -87.617053873)"
11102082,JA449804,09/26/2017 11:30:00 PM,019XX S HOMAN AVE,1310,CRIMINAL DAMAGE,TO PROPERTY,RESIDENCE,false,false,1024,10,24,29,14,1154008,1890237,2017,02/10/2018 03:50:01 PM,41.854640387,-87.710210578,"(41.854640387, -87.710210578)"
11065941,JA404534,08/24/2017 10:00:00 AM,055XX W QUINCY ST,2825,OTHER OFFENSE,HARASSMENT BY TELEPHONE,RESIDENCE,false,true,1522,15,29,25,26,1139678,1898456,2017,02/10/2018 03:50:01 PM,41.877467764,-87.762607847,"(41.877467764, -87.762607847)"
11027743,JA359373,07/22/2017 10:50:00 PM,057XX S RACINE AVE,0486,BATTERY,DOMESTIC BATTERY SIMPLE,STREET,false,true,713,7,16,67,08B,1169298,1866822,2017,02/10/2018 03:50:01 PM,41.79006908,-87.654768679,"(41.79006908, -87.654768679)"
11007992,JA336717,07/06/2017 11:45:00 AM,070XX S ASHLAND AVE,0460,BATTERY,SIMPLE,SIDEWALK,false,false,735,7,17,67,08B,1166895,1858132,2017,02/10/2018 03:50:01 PM,41.766274325,-87.66382789,"(41.766274325, -87.66382789)"
10996388,JA322482,06/25/2017 09:00:00 PM,133XX S BRANDON AVE,0460,BATTERY,SIMPLE,SIDEWALK,false,false,433,4,10,55,08B,1199439,1817209,2017,02/10/2018 03:50:01 PM,41.653220991,-87.54591594,"(41.653220991, -87.54591594)"
10979258,JA304592,06/12/2017 12:00:00 PM,028XX N CAMBRIDGE AVE,2826,OTHER OFFENSE,HARASSMENT BY ELECTRONIC MEANS,RESIDENCE,false,false,1934,19,44,6,26,1172153,1919080,2017,02/10/2018 03:50:01 PM,41.933406659,-87.642758936,"(41.933406659, -87.642758936)"
10964008,JA286459,05/26/2017 03:30:00 PM,053XX W WARWICK AVE,0281,CRIM SEXUAL ASSAULT,NON-AGGRAVATED,ALLEY,false,false,1634,16,38,15,02,1140090,1924416,2017,02/10/2018 03:50:01 PM,41.948697403,-87.760458406,"(41.948697403, -87.760458406)"
10927252,JA241649,04/27/2017 05:21:00 PM,079XX S ESSEX AVE,1320,CRIMINAL DAMAGE,TO VEHICLE,STREET,false,false,422,4,7,46,14,1194234,1852817,2017,02/10/2018 03:50:01 PM,41.751061918,-87.563796175,"(41.751061918, -87.563796175)"
10916494,JA230128,03/18/2017 12:00:00 PM,068XX S LOOMIS BLVD,2820,OTHER OFFENSE,TELEPHONE THREAT,APARTMENT,false,true,724,7,17,67,08A,1168175,1859448,2017,09/23/2025 03:41:47 PM,41.769858163,-87.659098408,"(41.769858163, -87.659098408)"
10854134,JA158762,02/18/2017 04:40:00 PM,054XX N NORTHWEST HWY,0560,ASSAULT,SIMPLE,APARTMENT,false,false,1622,16,45,11,08A,1135969,1935451,2017,02/10/2018 03:50:01 PM,41.979053079,-87.775342532,"(41.979053079, -87.775342532)"
10861528,JA167603,02/07/2017 08:00:00 AM,027XX W 24TH ST,1153,DECEPTIVE PRACTICE,FINANCIAL IDENTITY THEFT OVER $ 300,RESIDENCE,false,false,1034,10,12,30,11,1158413,1887952,2017,02/10/2018 03:50:01 PM,41.848281241,-87.694104741,"(41.848281241, -87.694104741)"
10868139,JA175099,02/01/2017 12:01:00 AM,026XX N PULASKI RD,0312,ROBBERY,ARMED:KNIFE/CUTTING INSTRUMENT,STREET,false,false,2524,25,31,22,03,1149274,1917153,2017,02/10/2018 03:50:01 PM,41.928593713,-87.726888246,"(41.928593713, -87.726888246)"
10828182,JA129403,01/25/2017 12:14:00 PM,0000X W TERMINAL ST,1478,CONCEALED CARRY LICENSE VIOLATION,PROHIBITED PLACES,AIRPORT TERMINAL UPPER LEVEL - SECURE AREA,true,false,1653,16,41,76,15,1101811,1934419,2017,02/14/2017 03:49:42 PM,41.976762981,-87.900983721,"(41.976762981, -87.900983721)"
10815228,JA114762,01/13/2017 02:45:00 PM,057XX S LAFLIN ST,1150,DECEPTIVE PRACTICE,CREDIT CARD FRAUD,RESIDENCE,false,false,713,7,16,67,11,1167320,1866594,2017,02/10/2018 03:50:01 PM,41.789486032,-87.662027982,"(41.789486032, -87.662027982)"
10797569,HZ568056,12/28/2016 04:45:00 PM,115XX S HALSTED ST,0486,BATTERY,DOMESTIC BATTERY SIMPLE,STREET,true,true,524,5,34,53,08B,1173048,1828494,2016,02/10/2018 03:50:01 PM,41.684809877,-87.642147208,"(41.684809877, -87.642147208)"
10789711,HZ559630,12/20/2016 01:18:00 PM,016XX W CONGRESS PKWY,0460,BATTERY,SIMPLE,STREET,false,false,1231,12,2,28,08B,1165475,1897799,2016,02/10/2018 03:50:01 PM,41.875155116,-87.667906709,"(41.875155116, -87.667906709)"
10788890,HZ557185,12/19/2016 12:15:00 PM,076XX S CICERO AVE,0560,ASSAULT,SIMPLE,DEPARTMENT STORE,false,false,833,8,13,65,08A,1145727,1853720,2016,02/10/2018 03:50:01 PM,41.754592961,-87.741528537,"(41.754592961, -87.741528537)"
10787776,HZ557045,12/19/2016 11:10:00 AM,002XX S HAMLIN BLVD,0486,BATTERY,DOMESTIC BATTERY SIMPLE,APARTMENT,false,true,1122,11,28,26,08B,1151106,1898626,2016,02/10/2018 03:50:01 PM,41.877718066,-87.720642462,"(41.877718066, -87.720642462)"
10810053,JA109315,12/14/2016 12:01:00 AM,013XX W 71ST ST,0890,THEFT,FROM BUILDING,"SCHOOL, PUBLIC, BUILDING",false,false,734,7,17,67,06,1168443,1857678,2016,02/10/2018 03:50:01 PM,41.764995286,-87.658166965,"(41.764995286, -87.658166965)"
10776691,HZ543230,12/06/2016 09:30:00 PM,008XX W 103RD ST,0320,ROBBERY,STRONGARM - NO WEAPON,SIDEWALK,false,false,2232,22,34,73,03,1172216,1836536,2016,02/10/2018 03:50:01 PM,41.706896655,-87.644957649,"(41.706896655, -87.644957649)"
10752458,HZ514897,11/14/2016 11:44:00 AM,050XX W HURON ST,2014,NARCOTICS,MANU/DELIVER: HEROIN (WHITE),SIDEWALK,true,false,1531,15,28,25,18,1142697,1904178,2016,02/10/2018 03:50:01 PM,41.893114004,-87.751380266,"(41.893114004, -87.751380266)"
10750683,HZ512931,11/12/2016 03:40:00 PM,007XX E 111TH ST,2024,NARCOTICS,POSS: HEROIN(WHITE),POLICE FACILITY/VEH PARKING LOT,true,false,531,5,9,50,18,1183356,1831503,2016,02/10/2018 03:50:01 PM,41.692833841,-87.60431945,"(41.692833841, -87.60431945)"
10740254,HZ500039,11/02/2016 06:48:00 PM,021XX W BIRCHWOOD AVE,0486,BATTERY,DOMESTIC BATTERY SIMPLE,APARTMENT,false,true,2424,24,49,1,08B,1160835,1949801,2016,02/10/2018 03:50:01 PM,42.017949041,-87.68349535,"(42.017949041, -87.68349535)"
10661715,HZ412530,08/29/2016 11:30:00 AM,077XX S AVALON AVE,1365,CRIMINAL TRESPASS,TO RESIDENCE,RESIDENCE,false,false,411,4,8,45,26,1185889,1853900,2016,02/10/2018 03:50:01 PM,41.754234523,-87.594341856,"(41.754234523, -87.594341856)"
10654467,HZ404407,08/23/2016 05:00:00 PM,046XX S MARSHFIELD AVE,0320,ROBBERY,STRONGARM - NO WEAPON,STREET,false,false,924,9,3,61,03,1166126,1873847,2016,02/10/2018 03:50:01 PM,41.809414621,-87.666199608,"(41.809414621, -87.666199608)"
10631282,HZ384270,08/08/2016 11:34:00 PM,053XX W OHIO ST,1811,NARCOTICS,POSS: CANNABIS 30GMS OR LESS,STREET,true,false,1523,15,37,25,18,1140707,1903456,2016,02/10/2018 03:50:01 PM,41.891169553,-87.758706651,"(41.891169553, -87.758706651)"
10594768,HZ345978,07/12/2016 12:25:00 PM,040XX S WABASH AVE,0497,BATTERY,AGGRAVATED DOMESTIC BATTERY: OTHER DANG WEAPON,SIDEWALK,false,true,213,2,3,38,04B,1177382,1878317,2016,02/10/2018 03:50:01 PM,41.821433499,-87.624779591,"(41.821433499, -87.624779591)"
10561209,HZ308260,06/12/2016 06:45:00 AM,092XX S GREEN ST,0560,ASSAULT,SIMPLE,RESIDENCE PORCH/HALLWAY,false,false,2223,22,21,73,08A,1172270,1843531,2016,02/10/2018 03:50:01 PM,41.726090769,-87.644554978,"(41.726090769, -87.644554978)"
10555987,HZ302591,06/11/2016 06:30:00 AM,012XX W LELAND AVE,141A,WEAPONS VIOLATION,UNLAWFUL USE HANDGUN,STREET,false,false,1913,19,46,3,15,1167182,1931350,2016,02/10/2018 03:50:01 PM,41.967184483,-87.660673048,"(41.967184483, -87.660673048)"
10534537,HZ278306,05/24/2016 07:43:00 PM,003XX S DEARBORN ST,1305,CRIMINAL DAMAGE,CRIMINAL DEFACEMENT,CTA TRAIN,true,false,113,1,2,32,14,1175986,1898799,2016,02/10/2018 03:50:01 PM,41.87766908,-87.629284766,"(41.87766908, -87.629284766)"
10528081,HZ270812,05/19/2016 11:56:00 AM,013XX N PULASKI RD,2024,NARCOTICS,POSS: HEROIN(WHITE),SIDEWALK,true,false,2534,25,27,23,18,1149478,1908442,2016,02/10/2018 03:50:01 PM,41.904685949,-87.726365155,"(41.904685949, -87.726365155)"
10478456,HZ217611,04/08/2016 01:13:00 AM,049XX W MONROE ST,0460,BATTERY,SIMPLE,APARTMENT,false,false,1533,15,28,25,08B,1143646,1899212,2016,02/10/2018 03:50:01 PM,41.879468992,-87.748019301,"(41.879468992, -87.748019301)"
10464172,HZ201802,03/26/2016 11:45:00 AM,041XX N SPAULDING AVE,0486,BATTERY,DOMESTIC BATTERY SIMPLE,APARTMENT,false,true,1724,17,33,16,08B,1153650,1927269,2016,09/07/2021 03:41:02 PM,41.956266704,-87.71053775,"(41.956266704, -87.71053775)"
10454492,HZ193756,03/19/2016 08:54:00 PM,013XX W 13TH ST,1811,NARCOTICS,POSS: CANNABIS 30GMS OR LESS,CHA PARKING LOT/GROUNDS,true,false,1233,12,2,28,18,1167613,1894184,2016,02/10/2018 03:50:01 PM,41.865189511,-87.660160954,"(41.865189511, -87.660160954)"
10431963,HZ169909,02/29/2016 08:00:00 PM,048XX W PALMER ST,0320,ROBBERY,STRONGARM - NO WEAPON,STREET,false,false,2522,25,31,19,03,1143603,1914187,2016,02/10/2018 03:50:01 PM,41.920562885,-87.747801902,"(41.920562885, -87.747801902)"
10431842,HZ169560,02/28/2016 02:00:00 PM,092XX S COTTAGE GROVE AVE,0460,BATTERY,SIMPLE,RESIDENCE,false,false,633,6,8,44,08B,1183176,1843968,2016,02/10/2018 03:50:01 PM,41.727043538,-87.604592232,"(41.727043538, -87.604592232)"
10405315,HZ141801,02/05/2016 07:00:00 PM,062XX S SEELEY AVE,0460,BATTERY,SIMPLE,ALLEY,false,false,714,7,15,67,08B,1163767,1863325,2016,02/10/2018 03:50:01 PM,41.780590862,-87.675147511,"(41.780590862, -87.675147511)"
10404876,HZ141134,02/03/2016 09:00:00 AM,009XX E 131ST ST,1120,DECEPTIVE PRACTICE,FORGERY,CHA APARTMENT,false,false,533,5,9,54,10,1184597,1818547,2016,02/10/2018 03:50:01 PM,41.657251865,-87.600179558,"(41.657251865, -87.600179558)"
10383433,HZ119929,01/18/2016 03:15:00 PM,075XX S KINGSTON AVE,1310,CRIMINAL DAMAGE,TO PROPERTY,APARTMENT,false,false,421,4,7,43,14,1194505,1855404,2016,02/10/2018 03:50:01 PM,41.758154191,-87.562718202,"(41.758154191, -87.562718202)"
10366889,HZ103075,01/03/2016 09:39:00 PM,064XX S MAPLEWOOD AVE,1310,CRIMINAL DAMAGE,TO PROPERTY,RESIDENCE,true,false,825,8,15,66,14,1160481,1861891,2016,02/10/2018 03:50:01 PM,41.776724154,-87.687234143,"(41.776724154, -87.687234143)"
10366852,HZ102997,01/03/2016 07:30:00 PM,076XX S PHILLIPS AVE,0486,BATTERY,DOMESTIC BATTERY SIMPLE,APARTMENT,false,true,421,4,7,43,08B,1193859,1854719,2016,02/10/2018 03:50:01 PM,41.756290353,-87.565108099,"(41.756290353, -87.565108099)"
10381905,HZ103748,01/01/2016 02:30:00 AM,003XX W HURON ST,0910,MOTOR VEHICLE THEFT,AUTOMOBILE,PARKING LOT/GARAGE(NON.RESID.),false,false,1831,18,42,8,07,1174099,1905015,2016,02/10/2018 03:50:01 PM,41.89476842,-87.636027812,"(41.89476842, -87.636027812)"
10355889,HY547107,12/22/2015 08:40:00 PM,061XX N RAVENSWOOD AVE,0460,BATTERY,SIMPLE,SIDEWALK,false,false,2433,24,40,77,08B,1163255,1940599,2015,02/10/2018 03:50:01 PM,41.99264777,-87.67485068,"(41.99264777, -87.67485068)"
10372381,HZ108257,12/15/2015 08:00:00 AM,013XX S LOOMIS ST,0820,THEFT,$500 AND UNDER,PARKING LOT/GARAGE(NON.RESID.),false,false,1233,12,2,28,06,1167250,1893946,2015,02/10/2018 03:50:01 PM,41.864544223,-87.661500368,"(41.864544223, -87.661500368)"
10340373,HY531188,12/09/2015 07:40:00 PM,066XX S JUSTINE ST,041A,BATTERY,AGGRAVATED: HANDGUN,RESIDENCE PORCH/HALLWAY,false,false,725,7,17,67,04B,1167150,1860706,2015,02/10/2018 03:50:01 PM,41.773332267,-87.662819668,"(41.773332267, -87.662819668)"
10328034,HY519036,11/29/2015 10:00:00 PM,005XX S CLINTON ST,0560,ASSAULT,SIMPLE,CTA PLATFORM,false,false,124,1,2,28,08A,1172810,1897826,2015,02/10/2018 03:50:01 PM,41.875070002,-87.640974928,"(41.875070002, -87.640974928)"
10324065,HY513652,11/23/2015 11:37:00 PM,003XX N AUSTIN BLVD,2825,OTHER OFFENSE,HARASSMENT BY TELEPHONE,APARTMENT,false,false,1512,15,29,25,26,1136323,1901595,2015,02/10/2018 03:50:01 PM,41.886142161,-87.7748517,"(41.886142161, -87.7748517)"
10303504,HY491564,11/06/2015 12:48:00 PM,070XX S WASHTENAW AVE,041A,BATTERY,AGGRAVATED: HANDGUN,SIDEWALK,false,false,831,8,18,66,04B,1159588,1857908,2015,02/10/2018 03:50:01 PM,41.765812589,-87.690616983,"(41.765812589, -87.690616983)"
10292477,HY480117,10/28/2015 04:58:00 PM,024XX E 79TH ST,1811,NARCOTICS,POSS: CANNABIS 30GMS OR LESS,STREET,true,false,421,4,7,43,18,1193697,1853057,2015,02/10/2018 03:50:01 PM,41.751733661,-87.565756125,"(41.751733661, -87.565756125)"
10280536,HY467782,10/18/2015 09:40:00 AM,056XX S SACRAMENTO AVE,1320,CRIMINAL DAMAGE,TO VEHICLE,STREET,false,false,824,8,14,63,14,1157337,1867190,2015,02/10/2018 03:50:01 PM,41.79132961,-87.698616608,"(41.79132961, -87.698616608)"
10267103,HY454365,10/06/2015 12:00:00 PM,024XX W ESTES AVE,0560,ASSAULT,SIMPLE,APARTMENT,false,false,2411,24,50,2,08A,1158477,1947040,2015,02/10/2018 03:50:01 PM,42.010421572,-87.692248421,"(42.010421572, -87.692248421)"
10288488,HY476881,10/01/2015 12:30:00 PM,048XX S VINCENNES AVE,1153,DECEPTIVE PRACTICE,FINANCIAL IDENTITY THEFT OVER $ 300,RESIDENCE,false,false,223,2,3,38,11,1180404,1872863,2015,02/10/2018 03:50:01 PM,41.806398362,-87.613860969,"(41.806398362, -87.613860969)"
10246418,HY434438,09/22/2015 10:15:00 PM,014XX E 57TH ST,0820,THEFT,$500 AND UNDER,STREET,false,false,235,2,5,41,06,1186985,1867494,2015,02/10/2018 03:50:01 PM,41.791511723,-87.589894784,"(41.791511723, -87.589894784)"
10222611,HY409402,09/02/2015 07:00:00 PM,034XX W PERSHING RD,0820,THEFT,$500 AND UNDER,STREET,false,false,911,9,12,58,06,1154029,1878527,2015,02/10/2018 03:50:01 PM,41.822506287,-87.710445192,"(41.822506287, -87.710445192)"
10197260,HY381897,08/13/2015 07:00:00 PM,014XX S CANAL ST,0890,THEFT,FROM BUILDING,OTHER,false,false,124,1,2,28,06,1173362,1893147,2015,02/10/2018 03:50:01 PM,41.862218265,-87.639087164,"(41.862218265, -87.639087164)"
10188938,HY376818,08/10/2015 03:27:00 PM,070XX S MORGAN ST,0880,THEFT,PURSE-SNATCHING,SIDEWALK,false,false,733,7,17,68,06,1170858,1858216,2015,02/10/2018 03:50:01 PM,41.766419266,-87.649299614,"(41.766419266, -87.649299614)"
10168126,HY356867,07/26/2015 08:16:00 PM,028XX N LEAVITT ST,1320,CRIMINAL DAMAGE,TO VEHICLE,STREET,false,false,1931,19,1,5,14,1161624,1918820,2015,02/10/2018 03:50:01 PM,41.932919405,-87.681459515,"(41.932919405, -87.681459515)"
10157606,HY346985,07/18/2015 11:30:00 PM,021XX W NORTH AVE,031A,ROBBERY,ARMED: HANDGUN,SIDEWALK,false,false,1424,14,32,24,03,1161861,1910624,2015,02/10/2018 03:50:01 PM,41.910424079,-87.680817747,"(41.910424079, -87.680817747)"
10146627,HY335495,07/10/2015 06:00:00 PM,011XX W JACKSON BLVD,0860,THEFT,RETAIL THEFT,DEPARTMENT STORE,true,false,1232,12,2,28,06,1168933,1898798,2015,02/10/2018 03:50:01 PM,41.877822179,-87.655181405,"(41.877822179, -87.655181405)"
10145416,HY334464,07/09/2015 09:55:00 PM,073XX S KEDZIE AVE,143A,WEAPONS VIOLATION,UNLAWFUL POSS OF HANDGUN,RESIDENTIAL YARD (FRONT/BACK),true,false,835,8,18,66,15,1156358,1855893,2015,02/10/2018 03:50:01 PM,41.760348736,-87.702510288,"(41.760348736, -87.702510288)"
10134947,HY323360,07/01/2015 01:10:00 PM,021XX W WARREN BLVD,1320,CRIMINAL DAMAGE,TO VEHICLE,STREET,false,true,1223,12,2,28,14,1162152,1900334,2015,02/10/2018 03:50:01 PM,41.882181424,-87.680036566,"(41.882181424, -87.680036566)"
10106286,HY294932,06/09/2015 04:00:00 PM,031XX W MOFFAT ST,0910,MOTOR VEHICLE THEFT,AUTOMOBILE,STREET,false,false,1421,14,1,22,07,1155048,1912127,2015,06/18/2020 03:41:34 PM,41.914687937,-87.705805789,"(41.914687937, -87.705805789)"
10071261,HY259584,05/14/2015 07:00:00 AM,039XX W VAN BUREN ST,0820,THEFT,$500 AND UNDER,STREET,false,false,1132,11,24,26,06,1150191,1897734,2015,02/10/2018 03:50:01 PM,41.875288193,-87.724025385,"(41.875288193, -87.724025385)"
10046851,HY235997,04/25/2015 10:00:00 PM,071XX S VINCENNES AVE,5011,OTHER OFFENSE,LICENSE VIOLATION,GAS STATION,false,false,731,7,6,69,26,1176589,1857611,2015,02/10/2018 03:50:01 PM,41.764632089,-87.628311641,"(41.764632089, -87.628311641)"
10313975,HY503188,03/22/2015 08:00:00 AM,039XX N PINE GROVE AVE,1154,DECEPTIVE PRACTICE,FINANCIAL IDENTITY THEFT $300 AND UNDER,APARTMENT,false,false,1925,19,46,6,11,1170694,1926410,2015,02/10/2018 03:50:01 PM,41.953552585,-87.647905229,"(41.953552585, -87.647905229)"
9997104,HY187483,03/16/2015 11:06:00 PM,076XX S PEORIA ST,1570,SEX OFFENSE,PUBLIC INDECENCY,STREET,false,false,621,6,17,71,17,1171627,1854263,2015,02/10/2018 03:50:01 PM,41.755554922,-87.646596618,"(41.755554922, -87.646596618)"
9962978,HY152165,02/15/2015 12:05:00 AM,014XX W LAKE ST,0820,THEFT,$500 AND UNDER,STREET,false,false,1224,12,27,28,06,1166633,1901539,2015,02/10/2018 03:50:01 PM,41.885393253,-87.663547848,"(41.885393253, -87.663547848)"
9953477,HY141570,02/05/2015 10:00:00 PM,017XX E 92ND PL,0910,MOTOR VEHICLE THEFT,AUTOMOBILE,STREET,false,false,413,4,8,48,07,1189407,1843988,2015,02/10/2018 03:50:01 PM,41.726951398,-87.581766948,"(41.726951398, -87.581766948)"
9888450,HX538733,12/11/2014 05:36:00 PM,002XX S CANAL ST,4650,OTHER OFFENSE,SEX OFFENDER: FAIL TO REGISTER,SIDEWALK,true,false,121,1,2,28,26,1173177,1899250,2014,02/10/2018 03:50:01 PM,41.878969421,-87.639585205,"(41.878969421, -87.639585205)"
9935698,HX529260,12/03/2014 02:13:00 PM,102XX S AVENUE J,1811,NARCOTICS,POSS: CANNABIS 30GMS OR LESS,RESIDENCE,true,false,432,4,10,52,18,1202485,1837595,2014,02/10/2018 03:50:01 PM,41.709085198,-87.534079128,"(41.709085198, -87.534079128)"
9878485,HX523472,11/28/2014 12:30:00 PM,006XX N MICHIGAN AVE,0486,BATTERY,DOMESTIC BATTERY SIMPLE,MOVIE HOUSE/THEATER,false,true,1834,18,42,8,08B,1177327,1904307,2014,02/10/2018 03:50:01 PM,41.892753031,-87.624193896,"(41.892753031, -87.624193896)"
9832830,HX482984,10/25/2014 11:30:00 PM,009XX W IRVING PARK RD,0810,THEFT,OVER $500,SIDEWALK,false,false,1923,19,46,6,06,1169379,1926750,2014,02/10/2018 03:50:01 PM,41.954514316,-87.652729335,"(41.954514316, -87.652729335)"
9827552,HX477296,10/22/2014 07:20:00 AM,032XX W 19TH ST,1811,NARCOTICS,POSS: CANNABIS 30GMS OR LESS,SIDEWALK,true,false,1022,10,24,29,18,1154913,1890522,2014,02/10/2018 03:50:01 PM,41.855404389,-87.706881196,"(41.855404389, -87.706881196)"
9740777,HX391156,08/16/2014 12:01:00 AM,058XX S HARPER AVE,1320,CRIMINAL DAMAGE,TO VEHICLE,STREET,false,false,235,2,5,41,14,1187244,1866600,2014,02/10/2018 03:50:01 PM,41.789052368,-87.588973479,"(41.789052368, -87.588973479)"
9707462,HX357106,07/22/2014 02:30:00 PM,076XX S EMERALD AVE,0890,THEFT,FROM BUILDING,COMMERCIAL / BUSINESS OFFICE,false,false,621,6,17,71,06,1172623,1854303,2014,02/10/2018 03:50:01 PM,41.755642812,-87.642945357,"(41.755642812, -87.642945357)"
9674111,HX324495,06/29/2014 10:40:00 PM,050XX W CHICAGO AVE,2024,NARCOTICS,POSS: HEROIN(WHITE),ALLEY,true,false,1531,15,37,25,18,1142793,1904852,2014,02/10/2018 03:50:01 PM,41.894961752,-87.751010889,"(41.894961752, -87.751010889)"
9658222,HX308401,06/18/2014 07:09:00 AM,024XX W OGDEN AVE,5002,OTHER OFFENSE,OTHER VEHICLE OFFENSE,STREET,false,false,1023,10,28,28,26,1160441,1893908,2014,02/04/2016 06:33:39 AM,41.864583447,-87.686497178,"(41.864583447, -87.686497178)"
9642384,HX292937,06/05/2014 11:00:00 PM,067XX S CHAMPLAIN AVE,0460,BATTERY,SIMPLE,STREET,false,false,321,3,20,42,08B,1181726,1860566,2014,02/10/2018 03:50:01 PM,41.772623821,-87.609392152,"(41.772623821, -87.609392152)"
9632488,HX283394,05/30/2014 11:50:00 PM,051XX W CHICAGO AVE,0545,ASSAULT,PRO EMP HANDS NO/MIN INJURY,STREET,true,false,1531,15,28,25,08A,1141985,1904844,2014,02/10/2018 03:50:01 PM,41.894954809,-87.753978694,"(41.894954809, -87.753978694)"
9617780,HX267830,05/19/2014 02:05:00 PM,055XX S SHIELDS AVE,1811,NARCOTICS,POSS: CANNABIS 30GMS OR LESS,STREET,true,false,711,7,3,68,18,1174917,1868023,2014,02/04/2016 06:33:39 AM,41.793241202,-87.634129641,"(41.793241202, -87.634129641)"
9611826,HX261783,05/14/2014 05:54:00 PM,037XX W 78TH PL,1365,CRIMINAL TRESPASS,TO RESIDENCE,RESIDENCE,false,false,833,8,18,70,26,1152318,1852351,2014,02/10/2018 03:50:01 PM,41.750709242,-87.7174101,"(41.750709242, -87.7174101)"
9605891,HX255679,05/10/2014 12:35:00 AM,107XX S AVENUE M,2022,NARCOTICS,POSS: COCAINE,RESIDENTIAL YARD (FRONT/BACK),true,false,432,4,10,52,18,1201525,1834436,2014,02/10/2018 03:50:01 PM,41.700441032,-87.537701543,"(41.700441032, -87.537701543)"
9585572,HX234868,04/23/2014 08:00:00 PM,0000X E JACKSON BLVD,0890,THEFT,FROM BUILDING,OTHER,false,false,113,1,2,32,06,1176528,1899005,2014,02/10/2018 03:50:01 PM,41.878222138,-87.627288482,"(41.878222138, -87.627288482)"
9533284,HX187385,03/16/2014 06:18:00 PM,010XX W 104TH PL,041A,BATTERY,AGGRAVATED: HANDGUN,STREET,false,false,2232,22,34,73,04B,1171144,1835519,2014,02/04/2016 06:33:39 AM,41.7041293,-87.648912894,"(41.7041293, -87.648912894)"
9498222,HX152930,02/16/2014 02:45:00 AM,063XX N RIDGE AVE,1320,CRIMINAL DAMAGE,TO VEHICLE,STREET,false,false,2433,24,50,2,14,1162790,1942276,2014,02/04/2016 06:33:39 AM,41.997259307,-87.676513792,"(41.997259307, -87.676513792)"
9486099,HX139633,02/05/2014 02:15:00 AM,024XX W MOFFAT ST,0486,BATTERY,DOMESTIC BATTERY SIMPLE,RESIDENCE,true,true,1434,14,1,22,08B,1159805,1912220,2014,02/10/2018 03:50:01 PM,41.914846296,-87.688326619,"(41.914846296, -87.688326619)"
9485331,HX138493,02/04/2014 01:00:00 AM,062XX W SCHOOL ST,1310,CRIMINAL DAMAGE,TO PROPERTY,RESIDENCE,false,false,1633,16,36,17,14,1134154,1921282,2014,02/10/2018 03:50:01 PM,41.940204169,-87.782352469,"(41.940204169, -87.782352469)"
9564405,HX215662,01/30/2014 10:00:00 AM,033XX W 63RD ST,1153,DECEPTIVE PRACTICE,FINANCIAL IDENTITY THEFT OVER $ 300,RESIDENCE,false,false,823,8,15,66,11,1155176,1862650,2014,02/10/2018 03:50:01 PM,41.778914691,-87.706661951,"(41.778914691, -87.706661951)"
9466492,HX119182,01/18/2014 01:25:00 PM,090XX S CREGIER AVE,0486,BATTERY,DOMESTIC BATTERY SIMPLE,RESIDENCE,false,true,413,4,8,48,08B,1189761,1845347,2014,02/10/2018 03:50:01 PM,41.730672142,-87.580426678,"(41.730672142, -87.580426678)"
9448426,HX101676,01/02/2014 05:33:00 PM,112XX S MICHIGAN AVE,0810,THEFT,OVER $500,STREET,false,false,531,5,9,49,06,1178806,1830304,2014,02/04/2016 06:33:39 AM,41.689648078,-87.62101403,"(41.689648078, -87.62101403)"
9426733,HW570409,12/14/2013 02:00:00 AM,023XX S KIRKLAND AVE,1320,CRIMINAL DAMAGE,TO VEHICLE,STREET,false,false,1013,10,22,29,14,1147719,1888159,2013,02/10/2018 03:50:01 PM,41.849061006,-87.733347363,"(41.849061006, -87.733347363)"
9419776,HW563928,12/08/2013 09:00:00 PM,032XX W WASHINGTON BLVD,2092,NARCOTICS,SOLICIT NARCOTICS ON PUBLICWAY,PARKING LOT/GARAGE(NON.RESID.),true,false,1123,11,28,27,18,1154827,1900500,2013,09/23/2025 03:41:47 PM,41.882786809,-87.706929604,"(41.882786809, -87.706929604)"
9381748,HW524875,11/07/2013 07:25:00 PM,063XX S HALSTED ST,0486,BATTERY,DOMESTIC BATTERY SIMPLE,COLLEGE/UNIVERSITY GROUNDS,false,true,723,7,20,68,08B,1172058,1862775,2013,02/10/2018 03:50:01 PM,41.778903432,-87.644767388,"(41.778903432, -87.644767388)"
9380500,HW523650,11/06/2013 08:30:00 PM,023XX S HAMLIN AVE,0486,BATTERY,DOMESTIC BATTERY SIMPLE,APARTMENT,false,true,1013,10,22,30,08B,1151411,1888128,2013,02/10/2018 03:50:01 PM,41.848904355,-87.719798041,"(41.848904355, -87.719798041)"
9381427,HW524359,11/06/2013 06:00:00 PM,0000X E 21ST ST,0820,THEFT,$500 AND UNDER,STREET,false,false,131,1,3,33,06,1177239,1890282,2013,02/10/2018 03:50:01 PM,41.854269604,-87.624942179,"(41.854269604, -87.624942179)"
9375533,HW519070,11/03/2013 02:00:00 AM,024XX N LAKEVIEW AVE,0820,THEFT,$500 AND UNDER,STREET,false,false,1935,19,43,7,06,1173161,1916417,2013,02/10/2018 03:50:01 PM,41.92607694,-87.639133868,"(41.92607694, -87.639133868)"
9371129,HW514284,10/31/2013 05:00:00 AM,033XX W 56TH ST,0810,THEFT,OVER $500,APARTMENT,false,true,822,8,14,63,06,1155200,1867293,2013,02/10/2018 03:50:01 PM,41.791655285,-87.706449861,"(41.791655285, -87.706449861)"
9365560,HW508759,10/27/2013 12:05:00 AM,038XX S WENTWORTH AVE,1350,CRIMINAL TRESPASS,TO STATE SUP LAND,CHA PARKING LOT/GROUNDS,true,false,915,9,3,34,26,1175590,1879352,2013,02/10/2018 03:50:01 PM,41.824313993,-87.631322496,"(41.824313993, -87.631322496)"
9361970,HW505094,10/23/2013 07:00:00 PM,067XX S LOWE AVE,0820,THEFT,$500 AND UNDER,STREET,false,false,723,7,6,68,06,1173303,1860194,2013,02/10/2018 03:50:01 PM,41.771793424,-87.640279384,"(41.771793424, -87.640279384)"
9329900,HW473869,09/29/2013 03:00:00 PM,019XX S ASHLAND AVE,0820,THEFT,$500 AND UNDER,SIDEWALK,false,false,1234,12,25,31,06,1166026,1890731,2013,02/10/2018 03:50:01 PM,41.855748174,-87.666085367,"(41.855748174, -87.666085367)"
9247574,HW393547,08/04/2013 09:50:00 PM,009XX N DAMEN AVE,0486,BATTERY,DOMESTIC BATTERY SIMPLE,SIDEWALK,true,true,1212,12,32,24,08B,1162900,1906244,2013,02/10/2018 03:50:01 PM,41.898383283,-87.677123948,"(41.898383283, -87.677123948)"
9225273,HW371962,07/21/2013 03:00:00 AM,016XX E 74TH ST,1310,CRIMINAL DAMAGE,TO PROPERTY,RESIDENCE,false,false,324,3,8,43,14,1188477,1856243,2013,02/10/2018 03:50:01 PM,41.760602533,-87.584783099,"(41.760602533, -87.584783099)"
9197117,HW342631,06/30/2013 09:50:00 PM,048XX W SUPERIOR ST,0497,BATTERY,AGGRAVATED DOMESTIC BATTERY: OTHER DANG WEAPON,APARTMENT,true,true,1531,15,28,25,04B,1143952,1904526,2013,02/10/2018 03:50:01 PM,41.894045505,-87.746762326,"(41.894045505, -87.746762326)"
9194716,HW338275,06/27/2013 09:30:00 AM,012XX W LEXINGTON ST,0560,ASSAULT,SIMPLE,RESIDENCE,false,true,1231,12,25,28,08A,1168418,1896763,2013,02/10/2018 03:50:01 PM,41.872249134,-87.657131213,"(41.872249134, -87.657131213)"
9162723,HW307642,06/06/2013 04:00:00 PM,051XX S HARPER AVE,0630,BURGLARY,ATTEMPT FORCIBLE ENTRY,APARTMENT,false,false,234,2,4,41,05,1187157,1871277,2013,02/10/2018 03:50:01 PM,41.801888471,-87.589144017,"(41.801888471, -87.589144017)"
9150354,HW296172,05/29/2013 10:30:00 PM,051XX W CHICAGO AVE,1811,NARCOTICS,POSS: CANNABIS 30GMS OR LESS,SIDEWALK,true,false,1531,15,37,25,18,1141769,1904840,2013,02/10/2018 03:50:01 PM,41.894947832,-87.754772114,"(41.894947832, -87.754772114)"
9146104,HW291558,05/25/2013 08:30:00 PM,002XX N KARLOV AVE,0520,ASSAULT,AGGRAVATED:KNIFE/CUTTING INSTR,SIDEWALK,false,false,1114,11,28,26,04A,1149030,1900778,2013,02/10/2018 03:50:01 PM,41.88366381,-87.728209353,"(41.88366381, -87.728209353)"
9129297,HW273974,05/14/2013 02:10:00 PM,067XX S CORNELL AVE,0520,ASSAULT,AGGRAVATED:KNIFE/CUTTING INSTR,SIDEWALK,false,true,332,3,5,43,04A,1188360,1860719,2013,02/10/2018 03:50:01 PM,41.772887854,-87.58506919,"(41.772887854, -87.58506919)"
9124652,HW268982,05/10/2013 05:45:00 PM,008XX N STATE ST,1210,DECEPTIVE PRACTICE,THEFT OF LABOR/SERVICES,CTA GARAGE / OTHER PROPERTY,true,false,1832,18,42,8,11,1176223,1905805,2013,02/10/2018 03:50:01 PM,41.896888586,-87.628203192,"(41.896888586, -87.628203192)"
9122395,HW266666,05/09/2013 07:45:00 AM,074XX S YATES BLVD,3960,INTIMIDATION,INTIMIDATION,SIDEWALK,false,true,334,3,7,43,08A,1193493,1856195,2013,09/23/2025 03:41:47 PM,41.760349572,-87.566401164,"(41.760349572, -87.566401164)"
9116261,HW261130,05/05/2013 11:01:00 AM,056XX N KENMORE AVE,0340,ROBBERY,ATTEMPT: STRONGARM-NO WEAPON,SIDEWALK,true,false,2022,20,48,77,03,1168231,1937605,2013,02/10/2018 03:50:01 PM,41.984325716,-87.656634345,"(41.984325716, -87.656634345)"
9107934,HW252595,04/29/2013 01:15:00 PM,061XX S SPAULDING AVE,502P,OTHER OFFENSE,FALSE/STOLEN/ALTERED TRP,VEHICLE-COMMERCIAL,false,false,823,8,15,66,26,1155452,1863507,2013,02/10/2018 03:50:01 PM,41.781260903,-87.705627167,"(41.781260903, -87.705627167)"
9108145,HW252768,04/28/2013 02:00:00 AM,061XX S MAJOR AVE,1320,CRIMINAL DAMAGE,TO VEHICLE,STREET,false,false,812,8,13,64,14,1139453,1863325,2013,02/10/2018 03:50:01 PM,41.781066979,-87.764288426,"(41.781066979, -87.764288426)"
9093109,HW237537,04/17/2013 09:30:00 PM,024XX W FLOURNOY ST,0910,MOTOR VEHICLE THEFT,AUTOMOBILE,STREET,false,false,1135,11,2,28,07,1160236,1896962,2013,02/10/2018 03:50:01 PM,41.872968154,-87.687165341,"(41.872968154, -87.687165341)"
9089383,HW234341,04/15/2013 05:15:00 PM,011XX S CANAL ST,0860,THEFT,RETAIL THEFT,GROCERY FOOD STORE,true,false,124,1,2,28,06,1173303,1895451,2013,02/10/2018 03:50:01 PM,41.868541914,-87.639235361,"(41.868541914, -87.639235361)"
9058766,HW203421,03/23/2013 02:45:00 AM,078XX S COLFAX AVE,1811,NARCOTICS,POSS: CANNABIS 30GMS OR LESS,STREET,true,false,421,4,7,43,18,1194882,1853397,2013,02/10/2018 03:50:01 PM,41.752637555,-87.561402561,"(41.752637555, -87.561402561)"
9053619,HW198711,03/06/2013 07:00:00 AM,046XX W 55TH ST,1206,DECEPTIVE PRACTICE,"THEFT BY LESSEE,MOTOR VEH",AIRPORT BUILDING NON-TERMINAL - NON-SECURE AREA,false,false,813,8,23,56,11,1146366,1867744,2013,02/10/2018 03:50:01 PM,41.793065099,-87.738831483,"(41.793065099, -87.738831483)"
9018041,HW165244,02/21/2013 03:20:00 PM,001XX N STATE ST,0860,THEFT,RETAIL THEFT,DEPARTMENT STORE,true,false,111,1,42,32,06,1176352,1900927,2013,02/10/2018 03:50:01 PM,41.883500187,-87.627876698,"(41.883500187, -87.627876698)"
9004944,HW152350,02/10/2013 11:19:00 PM,060XX S KARLOV AVE,0820,THEFT,$500 AND UNDER,STREET,false,false,813,8,13,65,06,1150073,1864156,2013,02/10/2018 03:50:01 PM,41.78314792,-87.725331171,"(41.78314792, -87.725331171)"
9062811,HW207675,02/10/2013 10:40:00 PM,056XX S LAFLIN ST,0810,THEFT,OVER $500,RESIDENCE-GARAGE,false,false,713,7,16,67,06,1167300,1867325,2013,02/10/2018 03:50:01 PM,41.791492413,-87.662080388,"(41.791492413, -87.662080388)"
8996835,HW144302,02/04/2013 08:45:00 PM,037XX W GRENSHAW ST,1310,CRIMINAL DAMAGE,TO PROPERTY,RESIDENCE,true,false,1133,11,24,29,14,1151708,1894784,2013,02/10/2018 03:50:01 PM,41.867163377,-87.718533097,"(41.867163377, -87.718533097)"
8992467,HW139501,01/31/2013 06:55:00 PM,014XX S SPRINGFIELD AVE,2024,NARCOTICS,POSS: HEROIN(WHITE),SIDEWALK,true,false,1011,10,24,29,18,1150613,1892792,2013,02/10/2018 03:50:01 PM,41.861718545,-87.722605049,"(41.861718545, -87.722605049)"
8984693,HW131972,01/26/2013 12:01:00 AM,033XX N CLAREMONT AVE,0620,BURGLARY,UNLAWFUL ENTRY,RESIDENCE,false,false,1921,19,32,5,05,1160116,1922099,2013,02/10/2018 03:50:01 PM,41.941948518,-87.686910418,"(41.941948518, -87.686910418)"
8943475,HV615692,12/17/2012 07:15:00 AM,073XX S GREEN ST,0620,BURGLARY,UNLAWFUL ENTRY,APARTMENT,false,false,733,7,17,68,05,1171909,1856113,2012,02/10/2018 03:50:01 PM,41.760625373,-87.645508953,"(41.760625373, -87.645508953)"
8932120,HV603790,12/15/2012 02:00:00 PM,0000X S HALSTED ST,0860,THEFT,RETAIL THEFT,GROCERY FOOD STORE,true,false,1232,12,27,28,06,1171058,1900047,2012,02/10/2018 03:50:01 PM,41.881203182,-87.647342333,"(41.881203182, -87.647342333)"
8900716,HV574936,11/23/2012 07:00:00 PM,032XX N RIDGEWAY AVE,0910,MOTOR VEHICLE THEFT,AUTOMOBILE,STREET,false,false,1732,17,35,21,07,1150823,1921238,2012,02/10/2018 03:50:01 PM,41.939773087,-87.721088955,"(41.939773087, -87.721088955)"
8896672,HV570291,11/20/2012 04:30:00 PM,057XX S WOOD ST,2093,NARCOTICS,FOUND SUSPECT NARCOTICS,HOSPITAL BUILDING/GROUNDS,true,false,715,7,15,67,18,1165327,1866721,2012,09/23/2025 03:41:47 PM,41.789877007,-87.669332106,"(41.789877007, -87.669332106)"
8887879,HV561972,11/14/2012 07:00:00 AM,037XX W ALTGELD ST,0610,BURGLARY,FORCIBLE ENTRY,APARTMENT,false,false,2524,25,35,22,05,1151081,1916357,2012,02/10/2018 03:50:01 PM,41.926374158,-87.720268998,"(41.926374158, -87.720268998)"
8884937,HV559607,11/12/2012 10:25:00 PM,0000X N LECLAIRE AVE,1811,NARCOTICS,POSS: CANNABIS 30GMS OR LESS,SIDEWALK,true,false,1533,15,28,25,18,1142387,1899674,2012,02/10/2018 03:50:01 PM,41.880760246,-87.752630735,"(41.880760246, -87.752630735)"
8883668,HV557695,11/05/2012 10:00:00 AM,076XX S MORGAN ST,0810,THEFT,OVER $500,VACANT LOT/LAND,false,false,612,6,17,71,06,1170969,1854110,2012,02/10/2018 03:50:01 PM,41.755149458,-87.649012482,"(41.755149458, -87.649012482)"
8872722,HV546227,11/03/2012 05:30:00 AM,022XX S KIRKLAND AVE,031A,ROBBERY,ARMED: HANDGUN,SIDEWALK,false,false,1013,10,22,29,03,1147702,1888787,2012,02/10/2018 03:50:01 PM,41.850784646,-87.733393653,"(41.850784646, -87.733393653)"
8870429,HV543998,11/01/2012 10:00:00 AM,015XX W THOMAS ST,0890,THEFT,FROM BUILDING,RESIDENCE PORCH/HALLWAY,false,false,1323,12,1,24,06,1165939,1907422,2012,02/10/2018 03:50:01 PM,41.90155147,-87.665928292,"(41.90155147, -87.665928292)"
8866069,HV539625,10/29/2012 02:00:00 PM,024XX W 45TH ST,0820,THEFT,$500 AND UNDER,STREET,false,false,922,9,12,58,06,1161034,1874775,2012,02/10/2018 03:50:01 PM,41.812068117,-87.684850561,"(41.812068117, -87.684850561)"
8858789,HV532329,10/24/2012 11:15:00 AM,051XX W LAKE ST,1210,DECEPTIVE PRACTICE,THEFT OF LABOR/SERVICES,CTA PLATFORM,true,false,1532,15,28,25,11,1141954,1901990,2012,02/10/2018 03:50:01 PM,41.887123664,-87.754163303,"(41.887123664, -87.754163303)"
8843998,HV517093,10/13/2012 07:10:00 PM,043XX S ASHLAND AVE,0460,BATTERY,SIMPLE,PARKING LOT/GARAGE(NON.RESID.),false,false,924,9,12,61,08B,1166398,1875976,2012,02/10/2018 03:50:01 PM,41.815251036,-87.665141242,"(41.815251036, -87.665141242)"
8817334,HV490781,09/25/2012 10:00:00 AM,079XX S RIDGELAND AVE,051A,ASSAULT,AGGRAVATED: HANDGUN,STREET,false,true,414,4,8,46,04A,1189359,1852693,2012,02/10/2018 03:50:01 PM,41.750839912,-87.581664262,"(41.750839912, -87.581664262)"
8728263,HV404352,07/28/2012 12:46:00 PM,057XX S HERMITAGE AVE,1330,CRIMINAL TRESPASS,TO LAND,ABANDONED BUILDING,true,false,715,7,15,67,26,1165657,1866695,2012,02/04/2016 06:33:39 AM,41.78979866,-87.668122827,"(41.78979866, -87.668122827)"
8727723,HV403556,07/27/2012 07:00:00 PM,002XX N WESTERN AVE,0820,THEFT,$500 AND UNDER,STREET,false,false,1332,12,27,28,06,1160372,1901427,2012,02/04/2016 06:33:39 AM,41.88521771,-87.686542479,"(41.88521771, -87.686542479)"
8713862,HV390313,07/18/2012 06:00:00 PM,012XX W BELMONT AVE,1305,CRIMINAL DAMAGE,CRIMINAL DEFACEMENT,OTHER,false,false,1924,19,44,6,14,1167370,1921377,2012,02/04/2016 06:33:39 AM,41.939814112,-87.660269787,"(41.939814112, -87.660269787)"
8706282,HV382086,07/14/2012 05:25:00 AM,043XX W IRVING PARK RD,0610,BURGLARY,FORCIBLE ENTRY,BAR OR TAVERN,false,false,1722,17,38,16,05,1146606,1926228,2012,02/10/2018 03:50:01 PM,41.95354767,-87.736460137,"(41.95354767, -87.736460137)"
8687153,HV362739,07/01/2012 02:30:00 PM,047XX N SAWYER AVE,0486,BATTERY,DOMESTIC BATTERY SIMPLE,RESIDENCE,false,true,1713,17,33,14,08B,1153858,1931290,2012,02/04/2016 06:33:39 AM,41.967296434,-87.709665495,"(41.967296434, -87.709665495)"
8673572,HV348487,06/22/2012 10:45:00 PM,096XX S AVALON AVE,0810,THEFT,OVER $500,RESIDENTIAL YARD (FRONT/BACK),false,false,511,5,8,50,06,1186233,1841168,2012,02/04/2016 06:33:39 AM,41.719288461,-87.593482328,"(41.719288461, -87.593482328)"
8596396,HV270398,05/01/2012 12:01:00 AM,072XX S SOUTH SHORE DR,1150,DECEPTIVE PRACTICE,CREDIT CARD FRAUD,APARTMENT,false,false,334,3,7,43,11,1194878,1857803,2012,02/04/2016 06:33:39 AM,41.764728045,-87.561272312,"(41.764728045, -87.561272312)"
8565890,HV239993,04/12/2012 07:00:00 PM,073XX S ROCKWELL ST,1320,CRIMINAL DAMAGE,TO VEHICLE,STREET,false,false,835,8,18,66,14,1160309,1855991,2012,02/04/2016 06:33:39 AM,41.760537244,-87.688026969,"(41.760537244, -87.688026969)"
8555874,HV231380,04/06/2012 11:01:00 PM,012XX N CALIFORNIA AVE,0495,BATTERY,AGGRAVATED OF A SENIOR CITIZEN,OTHER,true,false,1423,14,26,24,04B,1157498,1908297,2012,02/04/2016 06:33:39 AM,41.90412856,-87.696909199,"(41.90412856, -87.696909199)"
8533409,HV209871,03/22/2012 04:50:00 PM,054XX W GIDDINGS ST,0460,BATTERY,SIMPLE,APARTMENT,false,false,1623,16,45,15,08B,1139037,1930880,2012,02/04/2016 06:33:39 AM,41.966454468,-87.764171284,"(41.966454468, -87.764171284)"
8531817,HV208853,03/21/2012 08:30:00 AM,060XX S MICHIGAN AVE,1310,CRIMINAL DAMAGE,TO PROPERTY,APARTMENT,false,false,311,3,20,40,14,1178191,1865047,2012,02/10/2018 03:50:01 PM,41.785001069,-87.62221455,"(41.785001069, -87.62221455)"
8499194,HV176100,02/28/2012 02:05:00 PM,007XX N CICERO AVE,0552,ASSAULT,AGGRAVATED PO:KNIFE/CUT INSTR,SIDEWALK,false,true,1531,15,28,25,04A,1144223,1904437,2012,02/10/2018 03:50:01 PM,41.893796191,-87.745769257,"(41.893796191, -87.745769257)"
8490248,HV167640,02/21/2012 09:50:00 PM,070XX S CHAPPEL AVE,1811,NARCOTICS,POSS: CANNABIS 30GMS OR LESS,SIDEWALK,true,false,331,3,5,43,18,1191101,1858484,2012,02/10/2018 03:50:01 PM,41.766688959,-87.575093797,"(41.766688959, -87.575093797)"
8466684,HV143385,02/03/2012 02:04:00 AM,007XX N LECLAIRE AVE,0842,THEFT,AGG: FINANCIAL ID THEFT,STREET,false,false,1531,15,28,25,06,1142216,1904652,2012,02/10/2018 03:50:01 PM,41.894423655,-87.753135051,"(41.894423655, -87.753135051)"
8459792,HV137320,01/28/2012 12:30:00 PM,029XX S DEARBORN ST,0486,BATTERY,DOMESTIC BATTERY SIMPLE,STREET,false,true,2113,1,3,35,08B,1176459,1885004,2012,02/10/2018 03:50:01 PM,41.839804007,-87.627964177,"(41.839804007, -87.627964177)"
8462546,HV132006,01/25/2012 04:34:22 PM,067XX S BISHOP ST,2024,NARCOTICS,POSS: HEROIN(WHITE),RESIDENCE,true,false,725,7,17,67,18,1167825,1860102,2012,02/10/2018 03:50:01 PM,41.771660345,-87.6603626,"(41.771660345, -87.6603626)"
8448619,HV126607,01/21/2012 04:00:00 PM,001XX S KILPATRICK AVE,0486,BATTERY,DOMESTIC BATTERY SIMPLE,APARTMENT,false,true,1113,11,28,25,08B,1145077,1899024,2012,02/10/2018 03:50:01 PM,41.878926196,-87.74276958,"(41.878926196, -87.74276958)"
8424745,HV103635,01/03/2012 07:15:00 PM,030XX W WABANSIA AVE,0454,BATTERY,AGG PO HANDS NO/MIN INJURY,STREET,true,true,1421,14,26,23,08B,1155927,1911148,2012,09/07/2021 03:41:02 PM,41.911983786,-87.702602901,"(41.911983786, -87.702602901)"
8422216,HV101107,01/01/2012 08:30:00 AM,083XX S ELLIS AVE,2825,OTHER OFFENSE,HARASSMENT BY TELEPHONE,APARTMENT,false,false,632,6,8,44,26,1184340,1849824,2012,02/04/2016 06:33:39 AM,41.743085927,-87.600145655,"(41.743085927, -87.600145655)"
8415583,HT648828,12/27/2011 09:00:00 AM,098XX S EWING AVE,0890,THEFT,FROM BUILDING,RESIDENCE,false,false,432,4,10,52,06,1202129,1840523,2011,02/04/2016 06:33:39 AM,41.717128922,-87.535283422,"(41.717128922, -87.535283422)"
8414161,HT647820,12/26/2011 01:00:00 AM,019XX W FARRAGUT AVE,0820,THEFT,$500 AND UNDER,STREET,false,false,2012,20,40,4,06,1162324,1934873,2011,02/10/2018 03:50:01 PM,41.976955013,-87.678436261,"(41.976955013, -87.678436261)"
8410951,HT643683,12/21/2011 08:30:00 PM,091XX S WABASH AVE,1320,CRIMINAL DAMAGE,TO VEHICLE,STREET,false,false,634,6,6,49,14,1178318,1844331,2011,02/04/2016 06:33:39 AM,41.728151138,-87.622376602,"(41.728151138, -87.622376602)"
8362338,HT595007,11/18/2011 02:33:00 PM,046XX N KEDZIE AVE,051A,ASSAULT,AGGRAVATED: HANDGUN,SMALL RETAIL STORE,false,false,1713,17,33,14,04A,1154207,1930775,2011,02/10/2018 03:50:01 PM,41.965876265,-87.708396068,"(41.965876265, -87.708396068)"
8353313,HT586041,11/12/2011 12:30:00 PM,019XX S RIDGEWAY AVE,0460,BATTERY,SIMPLE,RESIDENCE PORCH/HALLWAY,false,false,1014,10,24,29,08B,1151679,1890072,2011,02/10/2018 03:50:01 PM,41.854233668,-87.718763386,"(41.854233668, -87.718763386)"
8349151,HT582504,11/09/2011 08:45:00 PM,021XX S MICHIGAN AVE,1365,CRIMINAL TRESPASS,TO RESIDENCE,APARTMENT,false,false,134,1,2,33,26,1177540,1890161,2011,02/10/2018 03:50:01 PM,41.853930752,-87.623841071,"(41.853930752, -87.623841071)"
8329898,HT563504,10/28/2011 11:00:00 AM,065XX S DR MARTIN LUTHER KING JR DR,2825,OTHER OFFENSE,HARASSMENT BY TELEPHONE,APARTMENT,false,true,312,3,20,69,26,1180047,1861688,2011,02/10/2018 03:50:01 PM,41.775741321,-87.615512519,"(41.775741321, -87.615512519)"
8323126,HT557538,10/24/2011 03:40:00 PM,013XX S AVERS AVE,0560,ASSAULT,SIMPLE,APARTMENT,true,true,1011,10,24,29,08A,1150926,1893459,2011,02/04/2016 06:33:39 AM,41.863542756,-87.72143862,"(41.863542756, -87.72143862)"
8291415,HT525645,10/03/2011 11:00:00 AM,030XX N BROADWAY,0810,THEFT,OVER $500,PARKING LOT/GARAGE(NON.RESID.),false,false,2332,19,44,6,06,1171724,1920375,2011,02/10/2018 03:50:01 PM,41.936969662,-87.644297222,"(41.936969662, -87.644297222)"
8288108,HT522115,09/30/2011 11:30:00 AM,034XX S OAKLEY AVE,0610,BURGLARY,FORCIBLE ENTRY,APARTMENT,false,false,913,9,11,59,05,1161585,1881747,2011,02/10/2018 03:50:01 PM,41.831188671,-87.682635825,"(41.831188671, -87.682635825)"
8278517,HT512206,09/24/2011 01:44:53 PM,087XX S BLACKSTONE AVE,0486,BATTERY,DOMESTIC BATTERY SIMPLE,RESIDENCE,false,true,412,4,8,48,08B,1187646,1847330,2011,09/07/2021 03:41:02 PM,41.736164206,-87.588111624,"(41.736164206, -87.588111624)"
8273191,HT507351,09/21/2011 02:30:00 PM,029XX S DEARBORN ST,1350,CRIMINAL TRESPASS,TO STATE SUP LAND,CHA PARKING LOT/GROUNDS,true,false,2113,1,3,35,26,1176241,1885750,2011,02/10/2018 03:50:01 PM,41.841855999,-87.628741678,"(41.841855999, -87.628741678)"
8267984,HT501782,09/17/2011 08:00:00 PM,014XX N OAKLEY BLVD,0610,BURGLARY,FORCIBLE ENTRY,RESIDENCE-GARAGE,false,false,1424,14,1,24,05,1160813,1909434,2011,02/10/2018 03:50:01 PM,41.907180442,-87.684700758,"(41.907180442, -87.684700758)"
8258165,HT492627,09/12/2011 02:59:00 AM,030XX W PETERSON AVE,0430,BATTERY,AGGRAVATED: OTHER DANG WEAPON,DRUG STORE,true,false,2011,20,40,2,04B,1155071,1939722,2011,02/10/2018 03:50:01 PM,41.990409975,-87.704977986,"(41.990409975, -87.704977986)"
8253904,HT487772,09/08/2011 07:50:00 PM,103XX S WESTERN AVE,1330,CRIMINAL TRESPASS,TO LAND,PARKING LOT/GARAGE(NON.RESID.),true,false,2211,22,19,72,26,1162212,1836103,2011,02/10/2018 03:50:01 PM,41.70592204,-87.681604302,"(41.70592204, -87.681604302)"
8251656,HT485537,09/07/2011 02:40:00 PM,028XX W 40TH ST,0470,PUBLIC PEACE VIOLATION,RECKLESS CONDUCT,STREET,true,false,912,9,14,58,24,1158136,1878011,2011,02/10/2018 03:50:01 PM,41.821007626,-87.695392304,"(41.821007626, -87.695392304)"
8247623,HT481940,09/05/2011 02:53:00 AM,022XX W MARQUETTE RD,0810,THEFT,OVER $500,RESIDENTIAL YARD (FRONT/BACK),true,false,832,8,15,66,06,1162443,1860183,2011,02/10/2018 03:50:01 PM,41.771996491,-87.680089055,"(41.771996491, -87.680089055)"
8213864,HT448533,08/15/2011 04:30:00 AM,055XX W GRAND AVE,1350,CRIMINAL TRESPASS,TO STATE SUP LAND,POLICE FACILITY/VEH PARKING LOT,true,false,2515,25,29,19,26,1138788,1913480,2011,02/10/2018 03:50:01 PM,41.918711651,-87.76551063,"(41.918711651, -87.76551063)"
8212315,HT446570,08/11/2011 07:00:00 AM,057XX W 64TH ST,0810,THEFT,OVER $500,RESIDENCE,false,false,812,8,13,64,06,1139290,1861543,2011,02/10/2018 03:50:01 PM,41.776179811,-87.764929214,"(41.776179811, -87.764929214)"
8169960,HT404693,07/19/2011 10:15:00 AM,041XX W WASHINGTON BLVD,0486,BATTERY,DOMESTIC BATTERY SIMPLE,APARTMENT,false,true,1114,11,28,26,08B,1148861,1900173,2011,02/10/2018 03:50:01 PM,41.882006891,-87.728845589,"(41.882006891, -87.728845589)"
8156296,HT391403,07/11/2011 12:01:00 PM,065XX S OAKLEY AVE,0470,PUBLIC PEACE VIOLATION,RECKLESS CONDUCT,STREET,true,false,832,8,15,66,24,1162197,1861266,2011,02/10/2018 03:50:01 PM,41.774973517,-87.680960705,"(41.774973517, -87.680960705)"
8143863,HT378302,07/02/2011 10:00:00 AM,033XX N CENTRAL PARK AVE,0910,MOTOR VEHICLE THEFT,AUTOMOBILE,STREET,false,false,1732,17,35,21,07,1151802,1921899,2011,02/10/2018 03:50:01 PM,41.94156768,-87.717473356,"(41.94156768, -87.717473356)"
8127551,HT361570,06/23/2011 08:45:00 AM,087XX S HOUSTON AVE,1320,CRIMINAL DAMAGE,TO VEHICLE,STREET,false,false,424,4,10,46,14,1198040,1847563,2011,02/10/2018 03:50:01 PM,41.736550294,-87.55002467,"(41.736550294, -87.55002467)"
8118748,HT353266,06/18/2011 03:30:00 AM,066XX S HONORE ST,1310,CRIMINAL DAMAGE,TO PROPERTY,APARTMENT,false,true,726,7,15,67,14,1165159,1860570,2011,09/07/2021 03:41:02 PM,41.773001429,-87.67012207,"(41.773001429, -87.67012207)"
8096745,HT331348,05/31/2011 10:00:00 PM,011XX S LAFLIN ST,0810,THEFT,OVER $500,APARTMENT,false,false,1231,12,2,28,06,1166546,1895280,2011,02/10/2018 03:50:01 PM,41.868219921,-87.664046556,"(41.868219921, -87.664046556)"
8081732,HT314567,05/25/2011 11:00:00 AM,003XX W SWANN ST,0620,BURGLARY,UNLAWFUL ENTRY,RESIDENCE,false,false,935,9,3,37,05,1174904,1874071,2011,02/10/2018 03:50:01 PM,41.809837801,-87.633996872,"(41.809837801, -87.633996872)"
8056052,HT287934,05/09/2011 09:12:00 PM,043XX W CERMAK RD,0313,ROBBERY,ARMED: OTHER DANGEROUS WEAPON,SIDEWALK,false,false,1012,10,24,29,03,1147562,1889013,2011,02/10/2018 03:50:01 PM,41.851407502,-87.733901697,"(41.851407502, -87.733901697)"
8049162,HT280431,05/05/2011 08:00:00 AM,003XX N HAMLIN AVE,0460,BATTERY,SIMPLE,APARTMENT,false,false,1122,11,27,26,08B,1150995,1902078,2011,02/10/2018 03:50:01 PM,41.8871929,-87.720959585,"(41.8871929, -87.720959585)"
8034081,HT265524,04/25/2011 03:28:00 PM,063XX S CALIFORNIA AVE,0486,BATTERY,DOMESTIC BATTERY SIMPLE,VEHICLE NON-COMMERCIAL,true,true,825,8,15,66,08B,1158805,1862388,2011,02/10/2018 03:50:01 PM,41.778122383,-87.693364774,"(41.778122383, -87.693364774)"
8005300,HT236786,04/05/2011 07:00:00 PM,062XX S FAIRFIELD AVE,0890,THEFT,FROM BUILDING,RESIDENCE,false,false,825,8,15,66,06,1159117,1863095,2011,02/10/2018 03:50:01 PM,41.780056114,-87.692201637,"(41.780056114, -87.692201637)"
7999612,HT230627,04/02/2011 08:41:00 AM,062XX N WASHTENAW AVE,2820,OTHER OFFENSE,TELEPHONE THREAT,RESIDENCE,false,true,2413,24,50,2,08A,1157203,1941212,2011,09/23/2025 03:41:47 PM,41.994455405,-87.697095291,"(41.994455405, -87.697095291)"
7993704,HT225441,03/28/2011 03:00:00 PM,052XX S PAULINA ST,0460,BATTERY,SIMPLE,RESIDENCE,false,false,932,9,16,61,08B,1165897,1870029,2011,02/10/2018 03:50:01 PM,41.79894246,-87.667148082,"(41.79894246, -87.667148082)"
7977834,HT209825,03/18/2011 11:00:00 PM,095XX S DR MARTIN LUTHER KING JR DR,0460,BATTERY,SIMPLE,STREET,false,false,511,5,6,49,08B,1180589,1841904,2011,02/10/2018 03:50:01 PM,41.721439376,-87.614131833,"(41.721439376, -87.614131833)"
7971911,HT204215,03/15/2011 12:21:00 PM,076XX S PARNELL AVE,2820,OTHER OFFENSE,TELEPHONE THREAT,OTHER,false,true,621,6,17,69,08A,1173795,1854260,2011,09/23/2025 03:41:47 PM,41.755498925,-87.638651547,"(41.755498925, -87.638651547)"
7936575,HT168760,02/18/2011 08:00:00 PM,070XX S PRINCETON AVE,2820,OTHER OFFENSE,TELEPHONE THREAT,RESIDENCE,false,false,731,7,6,69,08A,1175516,1858092,2011,09/23/2025 03:41:47 PM,41.765976075,-87.632230085,"(41.765976075, -87.632230085)"
7973149,HT163260,02/15/2011 06:00:00 AM,033XX W FILLMORE ST,1812,NARCOTICS,POSS: CANNABIS MORE THAN 30GMS,POLICE FACILITY/VEH PARKING LOT,true,false,1134,11,24,29,18,1154228,1895173,2011,02/10/2018 03:50:01 PM,41.868180939,-87.709271389,"(41.868180939, -87.709271389)"
7927726,HT160795,02/13/2011 07:16:00 PM,048XX W WASHINGTON BLVD,143A,WEAPONS VIOLATION,UNLAWFUL POSS OF HANDGUN,APARTMENT,true,false,1532,15,28,25,15,1144143,1900067,2011,02/10/2018 03:50:01 PM,41.8818059,-87.746172894,"(41.8818059, -87.746172894)"
7884766,HT115106,01/11/2011 02:57:00 PM,072XX N CLARK ST,0460,BATTERY,SIMPLE,"SCHOOL, PUBLIC, BUILDING",false,false,2424,24,49,1,08B,1163233,1948057,2011,02/04/2016 06:33:39 AM,42.013113175,-87.674720578,"(42.013113175, -87.674720578)"
7872338,HT102911,01/02/2011 11:45:00 PM,080XX S INGLESIDE AVE,031A,ROBBERY,ARMED: HANDGUN,RESIDENCE,false,false,631,6,8,44,03,1183958,1851936,2011,02/04/2016 06:33:39 AM,41.748890402,-87.601479486,"(41.748890402, -87.601479486)"
7862209,HS676761,12/26/2010 11:44:00 AM,058XX N KENMORE AVE,0486,BATTERY,DOMESTIC BATTERY SIMPLE,APARTMENT,true,true,2022,20,48,77,08B,1168189,1938920,2010,09/07/2021 03:41:02 PM,41.987935017,-87.656750608,"(41.987935017, -87.656750608)"
7833622,HS644439,12/03/2010 11:30:00 AM,013XX W 73RD ST,0610,BURGLARY,FORCIBLE ENTRY,RESIDENCE,false,false,734,7,17,67,05,1168583,1856355,2010,02/04/2016 06:33:39 AM,41.761361784,-87.657691912,"(41.761361784, -87.657691912)"
7999274,HT230691,12/01/2010 12:01:00 AM,054XX W QUINCY ST,0840,THEFT,FINANCIAL ID THEFT: OVER $300,RESIDENCE,false,false,1522,15,29,25,06,1140267,1898471,2010,02/10/2018 03:50:01 PM,41.877498158,-87.760444798,"(41.877498158, -87.760444798)"
7817176,HS627382,11/22/2010 10:55:00 AM,099XX S MORGAN ST,0486,BATTERY,DOMESTIC BATTERY SIMPLE,RESIDENCE,false,true,2232,22,34,73,08B,1171402,1838937,2010,02/04/2016 06:33:39 AM,41.713503178,-87.64786851,"(41.713503178, -87.64786851)"
7806418,HS616911,11/15/2010 02:00:00 PM,095XX S CONSTANCE AVE,2820,OTHER OFFENSE,TELEPHONE THREAT,RESIDENCE,false,true,431,4,7,51,08A,1190181,1842168,2010,09/23/2025 03:41:47 PM,41.721938553,-87.578990155,"(41.721938553, -87.578990155)"
7942520,HT175297,11/11/2010 08:00:00 AM,008XX N RUSH ST,0890,THEFT,FROM BUILDING,FEDERAL BUILDING,true,false,1833,18,42,8,06,1176765,1906218,2010,02/10/2018 03:50:01 PM,41.898009637,-87.626200032,"(41.898009637, -87.626200032)"
7807214,HS616513,11/10/2010 07:30:00 AM,017XX N KILDARE AVE,0930,MOTOR VEHICLE THEFT,THEFT/RECOVERY: AUTOMOBILE,STREET,false,false,2534,25,31,23,07,1147455,1911123,2010,02/10/2018 03:50:01 PM,41.912081925,-87.733727446,"(41.912081925, -87.733727446)"
7799718,HS605677,11/04/2010 08:30:00 AM,027XX W AINSLIE ST,0820,THEFT,$500 AND UNDER,STREET,false,false,2031,20,40,4,06,1157379,1932570,2010,02/04/2016 06:33:39 AM,41.970737762,-87.69668417,"(41.970737762, -87.69668417)"
7773529,HS581592,10/25/2010 12:00:00 PM,027XX E 89TH ST,0470,PUBLIC PEACE VIOLATION,RECKLESS CONDUCT,"SCHOOL, PUBLIC, BUILDING",false,false,423,4,7,46,24,1195915,1846487,2010,02/04/2016 06:33:39 AM,41.73365047,-87.557845321,"(41.73365047, -87.557845321)"
7756470,HS564787,10/07/2010 07:30:00 AM,111XX S BELL AVE,2820,OTHER OFFENSE,TELEPHONE THREAT,RESIDENCE,false,false,2212,22,19,75,08A,1163373,1830836,2010,09/23/2025 03:41:47 PM,41.691444293,-87.677499646,"(41.691444293, -87.677499646)"
7741633,HS549450,10/05/2010 07:40:00 AM,052XX W WINONA ST,0460,BATTERY,SIMPLE,ALLEY,false,false,1623,16,45,11,08B,1140570,1933750,2010,02/10/2018 03:50:01 PM,41.974301907,-87.758463806,"(41.974301907, -87.758463806)"
7703449,HS510896,09/11/2010 08:00:00 PM,077XX S STATE ST,031A,ROBBERY,ARMED: HANDGUN,SIDEWALK,false,false,623,6,6,69,03,1177624,1853795,2010,02/10/2018 03:50:01 PM,41.754137211,-87.624633337,"(41.754137211, -87.624633337)"
7703244,HS510454,09/11/2010 05:30:00 PM,055XX S MAY ST,041A,BATTERY,AGGRAVATED: HANDGUN,SIDEWALK,false,false,712,7,16,68,04B,1169596,1868041,2010,02/10/2018 03:50:01 PM,41.793407697,-87.653640659,"(41.793407697, -87.653640659)"
7703137,HS510478,09/11/2010 05:30:00 PM,049XX W NORTH AVE,0860,THEFT,RETAIL THEFT,DEPARTMENT STORE,true,false,2533,25,37,25,06,1143000,1910178,2010,02/10/2018 03:50:01 PM,41.909573038,-87.750117639,"(41.909573038, -87.750117639)"
7657499,HS461964,08/14/2010 09:35:00 AM,0000X N MICHIGAN AVE,0850,THEFT,ATTEMPT THEFT,DRUG STORE,false,false,122,1,42,32,06,1177306,1900590,2010,02/10/2018 03:50:01 PM,41.882553868,-87.624383802,"(41.882553868, -87.624383802)"
7656660,HS461359,08/13/2010 09:55:00 PM,029XX W 25TH PL,0470,PUBLIC PEACE VIOLATION,RECKLESS CONDUCT,STREET,true,false,1033,10,12,30,24,1157126,1886939,2010,02/10/2018 03:50:01 PM,41.845527645,-87.69885559,"(41.845527645, -87.69885559)"
7651915,HS455944,08/10/2010 07:05:00 PM,010XX W ARGYLE ST,0460,BATTERY,SIMPLE,TAVERN/LIQUOR STORE,false,false,2024,20,48,3,08B,1168232,1933582,2010,02/10/2018 03:50:01 PM,41.973286475,-87.656747535,"(41.973286475, -87.656747535)"
7635729,HS440169,08/01/2010 08:05:00 AM,040XX W IRVING PARK RD,1310,CRIMINAL DAMAGE,TO PROPERTY,DRUG STORE,false,false,1732,17,39,16,14,1148903,1926279,2010,02/10/2018 03:50:01 PM,41.953643409,-87.72801475,"(41.953643409, -87.72801475)"
7640240,HS438209,07/30/2010 01:00:00 AM,011XX W 19TH ST,0820,THEFT,$500 AND UNDER,STREET,false,false,1233,12,25,31,06,1169289,1891078,2010,02/10/2018 03:50:01 PM,41.856630165,-87.654098552,"(41.856630165, -87.654098552)"
7636780,HS436426,07/29/2010 09:40:00 PM,019XX W 33RD ST,0860,THEFT,RETAIL THEFT,DEPARTMENT STORE,false,false,922,9,11,59,06,1163830,1882804,2010,02/10/2018 03:50:01 PM,41.834042232,-87.674368991,"(41.834042232, -87.674368991)"
7592845,HS397408,07/06/2010 06:55:00 PM,033XX S OAKLEY AVE,0470,PUBLIC PEACE VIOLATION,RECKLESS CONDUCT,SIDEWALK,true,false,913,9,12,59,24,1161562,1882586,2010,02/10/2018 03:50:01 PM,41.833491458,-87.682696898,"(41.833491458, -87.682696898)"
7589900,HS394382,07/05/2010 01:50:00 AM,068XX W ALTGELD ST,0486,BATTERY,DOMESTIC BATTERY SIMPLE,STREET,false,true,2512,25,36,18,08B,1130416,1915867,2010,02/10/2018 03:50:01 PM,41.925409868,-87.796215798,"(41.925409868, -87.796215798)"
7585231,HS388660,07/01/2010 01:10:00 PM,008XX W FULLERTON AVE,2022,NARCOTICS,POSS: COCAINE,STREET,true,false,1812,18,43,7,18,1170075,1916155,2010,02/10/2018 03:50:01 PM,41.925425997,-87.650481009,"(41.925425997, -87.650481009)"
7583959,HS386444,06/29/2010 04:00:00 PM,076XX S INGLESIDE AVE,0460,BATTERY,SIMPLE,PARK PROPERTY,false,false,624,6,8,69,08B,1183887,1854488,2010,02/10/2018 03:50:01 PM,41.755895009,-87.601660127,"(41.755895009, -87.601660127)"
7564918,HS368777,06/19/2010 01:00:00 PM,025XX W THOMAS ST,0910,MOTOR VEHICLE THEFT,AUTOMOBILE,STREET,false,false,1312,12,26,24,07,1159371,1907233,2010,02/10/2018 03:50:01 PM,41.901170519,-87.690058483,"(41.901170519, -87.690058483)"
7574685,HS364413,06/17/2010 12:03:00 PM,066XX S ST LAWRENCE AVE,1821,NARCOTICS,MANU/DEL:CANNABIS 10GM OR LESS,SIDEWALK,true,false,321,3,20,42,18,1181375,1861109,2010,02/10/2018 03:50:01 PM,41.774121967,-87.610662082,"(41.774121967, -87.610662082)"
7477214,HS279548,04/27/2010 10:30:00 PM,022XX S MARSHALL BLVD,0810,THEFT,OVER $500,STREET,false,false,1033,10,12,30,06,1157054,1888935,2010,02/10/2018 03:50:01 PM,41.851006354,-87.699065722,"(41.851006354, -87.699065722)"
7461192,HS262874,04/17/2010 06:45:00 PM,040XX W WILCOX ST,0320,ROBBERY,STRONGARM - NO WEAPON,SIDEWALK,false,false,1115,11,28,26,03,1149577,1899032,2010,02/10/2018 03:50:01 PM,41.878861991,-87.72624606,"(41.878861991, -87.72624606)"
7424455,HS226006,03/25/2010 10:10:00 PM,009XX W 78TH ST,0560,ASSAULT,SIMPLE,STREET,false,true,621,6,17,71,08A,1171469,1853118,2010,02/10/2018 03:50:01 PM,41.752416353,-87.647209113,"(41.752416353, -87.647209113)"
7402905,HS204686,03/12/2010 06:00:00 PM,038XX N OCTAVIA AVE,1310,CRIMINAL DAMAGE,TO PROPERTY,RESIDENCE,false,false,1631,16,38,17,14,1126728,1924626,2010,02/10/2018 03:50:01 PM,41.949508238,-87.809570933,"(41.949508238, -87.809570933)"
7398280,HS199687,03/09/2010 08:00:00 PM,001XX N STATE ST,0860,THEFT,RETAIL THEFT,DEPARTMENT STORE,true,false,122,1,42,32,06,1176352,1900927,2010,02/10/2018 03:50:01 PM,41.883500187,-87.627876698,"(41.883500187, -87.627876698)"
7394924,HS197286,03/08/2010 01:22:00 PM,049XX W IOWA ST,2092,NARCOTICS,SOLICIT NARCOTICS ON PUBLICWAY,SIDEWALK,true,false,1531,15,37,25,18,1143312,1905529,2010,09/23/2025 03:41:47 PM,41.896809836,-87.749087786,"(41.896809836, -87.749087786)"
7382180,HS183527,02/27/2010 12:15:00 PM,037XX W OHIO ST,1811,NARCOTICS,POSS: CANNABIS 30GMS OR LESS,SIDEWALK,true,false,1122,11,27,23,18,1151375,1903742,2010,02/10/2018 03:50:01 PM,41.891751638,-87.719520394,"(41.891751638, -87.719520394)"
7360738,HS162275,02/12/2010 03:12:00 PM,115XX S BISHOP FORD EXPY IB,143A,WEAPONS VIOLATION,UNLAWFUL POSS OF HANDGUN,VEHICLE NON-COMMERCIAL,true,false,532,5,10,54,15,1184132,1828903,2010,02/10/2018 03:50:01 PM,41.685681037,-87.601559261,"(41.685681037, -87.601559261)"
7335033,HS138179,01/26/2010 03:45:00 PM,045XX W MONTROSE AVE,1811,NARCOTICS,POSS: CANNABIS 30GMS OR LESS,STREET,true,false,1722,17,45,16,18,1145039,1928855,2010,02/10/2018 03:50:01 PM,41.960786178,-87.742154017,"(41.960786178, -87.742154017)"
7325415,HS129886,01/20/2010 10:40:00 PM,039XX W DIVISION ST,1811,NARCOTICS,POSS: CANNABIS 30GMS OR LESS,STREET,true,false,2535,25,27,23,18,1150069,1907718,2010,02/10/2018 03:50:01 PM,41.902687726,-87.724213107,"(41.902687726, -87.724213107)"
7298825,HS102596,01/02/2010 10:55:00 PM,114XX S CALUMET AVE,0496,BATTERY,AGGRAVATED DOMESTIC BATTERY: KNIFE/CUTTING INST,APARTMENT,true,true,531,5,9,49,04B,1180618,1829263,2010,02/10/2018 03:50:01 PM,41.686750118,-87.61441214,"(41.686750118, -87.61441214)"
7378513,HR713132,12/31/2009 01:00:00 PM,010XX N KEELER AVE,0890,THEFT,FROM BUILDING,VACANT LOT/LAND,false,false,1111,11,37,23,06,1148193,1906564,2009,02/28/2018 03:56:25 PM,41.899557376,-87.731133799,"(41.899557376, -87.731133799)"
7293316,HR710412,12/29/2009 04:30:00 PM,013XX N HUDSON AVE,2820,OTHER OFFENSE,TELEPHONE THREAT,APARTMENT,false,false,1821,18,27,8,08A,1173068,1909520,2009,09/23/2025 03:41:47 PM,41.907153315,-87.639680572,"(41.907153315, -87.639680572)"
7289313,HR706039,12/24/2009 06:00:00 PM,033XX W BELMONT AVE,1310,CRIMINAL DAMAGE,TO PROPERTY,SMALL RETAIL STORE,false,false,1412,14,35,21,14,1153744,1921087,2009,02/10/2018 03:50:01 PM,41.939300984,-87.710357367,"(41.939300984, -87.710357367)"
7265434,HR669087,12/01/2009 02:52:00 PM,018XX W MONROE ST,1150,DECEPTIVE PRACTICE,CREDIT CARD FRAUD,RESIDENCE,false,false,1211,12,2,28,11,1164254,1899585,2009,02/28/2018 03:56:25 PM,41.880081938,-87.672339218,"(41.880081938, -87.672339218)"
7274450,HR663628,11/25/2009 01:00:00 PM,001XX S STATE ST,0841,THEFT,FINANCIAL ID THEFT:$300 &UNDER,SMALL RETAIL STORE,false,false,123,1,42,32,06,1176401,1899804,2009,02/28/2018 03:56:25 PM,41.880417506,-87.627730673,"(41.880417506, -87.627730673)"
7241760,HR653925,11/21/2009 02:15:00 AM,034XX W DICKENS AVE,0610,BURGLARY,FORCIBLE ENTRY,APARTMENT,true,false,1413,14,26,22,05,1153253,1913744,2009,02/28/2018 03:56:25 PM,41.919160976,-87.712357393,"(41.919160976, -87.712357393)"
7234500,HR649461,11/18/2009 01:00:00 PM,125XX S YALE AVE,0890,THEFT,FROM BUILDING,RESIDENCE-GARAGE,false,false,523,5,9,53,06,1176885,1821849,2009,02/28/2018 03:56:25 PM,41.666489628,-87.62830007,"(41.666489628, -87.62830007)"
7748070,HR627478,11/04/2009 06:00:00 PM,004XX W OAKDALE AVE,0810,THEFT,OVER $500,OTHER,false,false,2333,19,44,6,06,,,2009,08/17/2015 03:03:40 PM,,,
7209685,HR624584,11/03/2009 07:25:00 PM,028XX W 64TH ST,1330,CRIMINAL TRESPASS,TO LAND,RESIDENCE PORCH/HALLWAY,true,false,823,8,15,66,26,1158362,1862074,2009,02/28/2018 03:56:25 PM,41.777269757,-87.694997386,"(41.777269757, -87.694997386)"
7208172,HR623169,11/03/2009 01:34:00 AM,016XX W NORTH AVE,143A,WEAPONS VIOLATION,UNLAWFUL POSS OF HANDGUN,RESIDENTIAL YARD (FRONT/BACK),true,false,1433,14,1,24,15,1165291,1910723,2009,02/28/2018 03:56:25 PM,41.910623447,-87.668214445,"(41.910623447, -87.668214445)"
7205202,HR619829,10/31/2009 11:33:00 PM,005XX W WEBSTER AVE,2220,LIQUOR LAW VIOLATION,ILLEGAL POSSESSION BY MINOR,STREET,true,false,1812,18,43,7,22,1172233,1914890,2009,02/04/2016 06:33:39 AM,41.921907349,-87.642588988,"(41.921907349, -87.642588988)"
7213818,HR619120,10/31/2009 06:14:00 PM,078XX S COTTAGE GROVE AVE,0486,BATTERY,DOMESTIC BATTERY SIMPLE,OTHER,false,true,624,6,6,69,08B,1182924,1853176,2009,02/28/2018 03:56:25 PM,41.752317165,-87.605229956,"(41.752317165, -87.605229956)"
7171296,HR581671,10/09/2009 12:00:00 PM,058XX S MARYLAND AVE,0810,THEFT,OVER $500,HOSPITAL BUILDING/GROUNDS,false,false,2133,2,5,41,06,,,2009,08/17/2015 03:03:40 PM,,,
7168764,HR577726,10/08/2009 03:00:00 PM,012XX W 97TH PL,0486,BATTERY,DOMESTIC BATTERY SIMPLE,VEHICLE NON-COMMERCIAL,true,true,2213,22,21,73,08B,1169759,1840191,2009,02/28/2018 03:56:25 PM,41.71698008,-87.653849525,"(41.71698008, -87.653849525)"
7454193,HR560258,09/25/2009 07:20:00 PM,001XX W 110TH PL,0840,THEFT,FINANCIAL ID THEFT: OVER $300,RESIDENCE,false,false,513,5,34,49,06,,,2009,08/17/2015 03:03:40 PM,,,
7136778,HR546064,09/19/2009 04:30:00 PM,003XX N MASON AVE,0810,THEFT,OVER $500,RESIDENTIAL YARD (FRONT/BACK),false,false,1512,15,29,25,06,1136710,1901668,2009,02/28/2018 03:56:25 PM,41.886335563,-87.773428775,"(41.886335563, -87.773428775)"
7124801,HR534379,09/08/2009 07:30:00 AM,003XX E NORTH WATER ST,0890,THEFT,FROM BUILDING,HOTEL/MOTEL,false,false,1834,18,42,8,06,1178425,1903153,2009,02/28/2018 03:56:25 PM,41.889561428,-87.620196651,"(41.889561428, -87.620196651)"
7094704,HR503714,08/25/2009 04:00:00 PM,0000X S KEDZIE AVE,1320,CRIMINAL DAMAGE,TO VEHICLE,GOVERNMENT BUILDING/PROPERTY,false,false,1124,11,28,27,14,1155056,1899700,2009,02/28/2018 03:56:25 PM,41.880586939,-87.706110174,"(41.880586939, -87.706110174)"
7094278,HR499890,08/23/2009 10:00:00 PM,059XX S MORGAN ST,0486,BATTERY,DOMESTIC BATTERY SIMPLE,GAS STATION,false,true,712,7,16,68,08B,1170659,1865532,2009,02/28/2018 03:56:25 PM,41.786499587,-87.649815884,"(41.786499587, -87.649815884)"
7092357,HR499794,08/23/2009 08:35:00 PM,060XX S INDIANA AVE,0460,BATTERY,SIMPLE,STREET,false,false,311,3,20,40,08B,1178630,1865109,2009,02/28/2018 03:56:25 PM,41.785161229,-87.620603115,"(41.785161229, -87.620603115)"
7085064,HR493455,08/20/2009 01:00:00 AM,051XX S WASHTENAW AVE,0620,BURGLARY,UNLAWFUL ENTRY,APARTMENT,true,false,911,9,14,63,05,1159243,1870492,2009,02/28/2018 03:56:25 PM,41.800351913,-87.691537258,"(41.800351913, -87.691537258)"
7070873,HR478217,08/11/2009 06:40:00 PM,064XX N CLARK ST,2093,NARCOTICS,FOUND SUSPECT NARCOTICS,VEHICLE NON-COMMERCIAL,true,false,2432,24,40,1,18,1164254,1943116,2009,09/23/2025 03:41:47 PM,41.999533347,-87.671104423,"(41.999533347, -87.671104423)"
7070432,HR477616,08/11/2009 12:30:00 PM,036XX W LEXINGTON ST,0460,BATTERY,SIMPLE,APARTMENT,false,false,1133,11,24,27,08B,1152155,1896451,2009,02/28/2018 03:56:25 PM,41.871729015,-87.716848135,"(41.871729015, -87.716848135)"
7091946,HR500768,08/03/2009 12:00:00 AM,017XX E 85TH ST,1120,DECEPTIVE PRACTICE,FORGERY,RESIDENCE,false,false,412,4,8,45,10,1189338,1848965,2009,02/10/2018 03:50:01 PM,41.740610434,-87.58186052,"(41.740610434, -87.58186052)"
7052815,HR458352,07/31/2009 12:50:00 PM,001XX W CERMAK RD,0560,ASSAULT,SIMPLE,CTA BUS,false,false,2111,9,25,34,08A,1175415,1889752,2009,02/04/2016 06:33:39 AM,41.852856343,-87.631652817,"(41.852856343, -87.631652817)"
7043604,HR450533,07/27/2009 01:22:23 AM,075XX N SHERIDAN RD,0486,BATTERY,DOMESTIC BATTERY SIMPLE,APARTMENT,false,true,2422,24,49,1,08B,1165632,1950066,2009,09/07/2021 03:41:02 PM,42.018574911,-87.665835787,"(42.018574911, -87.665835787)"
7031962,HR439344,07/17/2009 10:00:00 AM,061XX N KENMORE AVE,2820,OTHER OFFENSE,TELEPHONE THREAT,APARTMENT,false,false,2433,24,48,77,08A,1168133,1940771,2009,09/23/2025 03:41:47 PM,41.993015414,-87.656902805,"(41.993015414, -87.656902805)"
7011367,HR418090,07/08/2009 09:00:00 AM,008XX W OHIO ST,0810,THEFT,OVER $500,STREET,false,false,1323,12,27,24,06,1170812,1904067,2009,02/04/2016 06:33:39 AM,41.89223972,-87.648127757,"(41.89223972, -87.648127757)"
6998784,HR404377,06/30/2009 06:10:00 PM,027XX W LAWRENCE AVE,0460,BATTERY,SIMPLE,STREET,true,false,2031,20,40,4,08B,1157422,1931773,2009,02/10/2018 03:50:01 PM,41.968549875,-87.696547837,"(41.968549875, -87.696547837)"
6994382,HR400582,06/28/2009 05:00:00 PM,079XX S DR MARTIN LUTHER KING JR DR,1780,OFFENSE INVOLVING CHILDREN,OTHER OFFENSE,RESTAURANT,false,true,623,6,6,44,20,1180275,1852549,2009,09/23/2025 03:41:47 PM,41.750657714,-87.614956494,"(41.750657714, -87.614956494)"
6983527,HR388628,06/22/2009 07:30:00 AM,078XX S DR MARTIN LUTHER KING JR DR,1310,CRIMINAL DAMAGE,TO PROPERTY,APARTMENT,false,false,624,6,6,69,14,1180265,1853058,2009,02/28/2018 03:56:25 PM,41.752054696,-87.614977565,"(41.752054696, -87.614977565)"
6979536,HR382544,06/18/2009 06:00:00 PM,029XX W FULTON ST,0810,THEFT,OVER $500,RESIDENTIAL YARD (FRONT/BACK),false,false,1331,12,27,27,06,1156748,1901866,2009,02/28/2018 03:56:25 PM,41.88649655,-87.699838571,"(41.88649655, -87.699838571)"
6973408,HR377644,06/16/2009 03:00:00 AM,041XX W CARROLL AVE,0486,BATTERY,DOMESTIC BATTERY SIMPLE,RESIDENCE,false,true,1114,11,28,26,08B,1148797,1901915,2009,02/28/2018 03:56:25 PM,41.886788369,-87.729035555,"(41.886788369, -87.729035555)"
6978865,HR374917,06/14/2009 01:10:00 PM,067XX S BLACKSTONE AVE,2024,NARCOTICS,POSS: HEROIN(WHITE),SIDEWALK,true,false,332,3,5,43,18,1187356,1860781,2009,02/10/2018 03:50:01 PM,41.773081899,-87.588747571,"(41.773081899, -87.588747571)"
6947317,HR353332,06/01/2009 11:30:00 PM,014XX W CATALPA AVE,1811,NARCOTICS,POSS: CANNABIS 30GMS OR LESS,ALLEY,true,false,2013,20,48,77,18,1165437,1936624,2009,02/28/2018 03:56:25 PM,41.981693936,-87.666938327,"(41.981693936, -87.666938327)"
6933378,HR338816,05/24/2009 03:15:00 PM,035XX S INDIANA AVE,0460,BATTERY,SIMPLE,CHURCH/SYNAGOGUE/PLACE OF WORSHIP,false,false,211,2,3,35,08B,1178180,1881642,2009,02/28/2018 03:56:25 PM,41.830539469,-87.621751114,"(41.830539469, -87.621751114)"
6926747,HR331403,05/20/2009 12:00:00 AM,025XX W FITCH AVE,0820,THEFT,$500 AND UNDER,STREET,false,false,2411,24,50,2,06,1158022,1947355,2009,02/28/2018 03:56:25 PM,42.01129528,-87.693913879,"(42.01129528, -87.693913879)"
6926439,HR330727,05/19/2009 02:30:00 PM,036XX W BELLE PLAINE AVE,0810,THEFT,OVER $500,VEHICLE NON-COMMERCIAL,false,false,1723,17,33,16,06,1151524,1927011,2009,02/28/2018 03:56:25 PM,41.955600865,-87.718360314,"(41.955600865, -87.718360314)"
6918591,HR323168,05/15/2009 07:10:00 PM,049XX W AUGUSTA BLVD,0486,BATTERY,DOMESTIC BATTERY SIMPLE,APARTMENT,false,true,1531,15,37,25,08B,1143276,1906198,2009,02/28/2018 03:56:25 PM,41.898646321,-87.74920328,"(41.898646321, -87.74920328)"
6913264,HR317195,05/12/2009 05:28:00 PM,030XX W 38TH PL,1811,NARCOTICS,POSS: CANNABIS 30GMS OR LESS,SIDEWALK,true,false,913,9,14,58,18,1156719,1878938,2009,02/04/2016 06:33:39 AM,41.823580183,-87.700565545,"(41.823580183, -87.700565545)"
6893424,HR299535,05/02/2009 05:40:00 PM,061XX N HOYNE AVE,1310,CRIMINAL DAMAGE,TO PROPERTY,APARTMENT,false,false,2413,24,40,2,14,1161223,1940400,2009,02/28/2018 03:56:25 PM,41.992144338,-87.682330633,"(41.992144338, -87.682330633)"
7034610,HR441976,05/01/2009 12:00:00 AM,026XX W LOGAN BLVD,0890,THEFT,FROM BUILDING,RESIDENCE,false,false,1431,14,35,22,06,1158130,1917181,2009,02/28/2018 03:56:25 PM,41.928494054,-87.694344556,"(41.928494054, -87.694344556)"
6854090,HR260580,04/09/2009 11:00:00 PM,074XX S PHILLIPS AVE,2820,OTHER OFFENSE,TELEPHONE THREAT,APARTMENT,false,true,334,3,7,43,08A,1193940,1855911,2009,09/23/2025 03:41:47 PM,41.759559307,-87.564772229,"(41.759559307, -87.564772229)"
6853937,HR260271,04/09/2009 08:00:00 PM,036XX W 69TH PL,2830,OTHER OFFENSE,OBSCENE TELEPHONE CALLS,RESIDENCE,false,false,833,8,13,65,17,1153325,1858279,2009,02/28/2018 03:56:25 PM,41.7669568,-87.713563425,"(41.7669568, -87.713563425)"
6852227,HR258995,04/08/2009 06:00:00 PM,080XX S CONSTANCE AVE,5002,OTHER OFFENSE,OTHER VEHICLE OFFENSE,STREET,false,false,414,4,8,46,26,1189825,1851842,2009,02/28/2018 03:56:25 PM,41.748493506,-87.579983944,"(41.748493506, -87.579983944)"
6847325,HR254458,04/06/2009 02:00:00 PM,016XX W GARFIELD BLVD,0486,BATTERY,DOMESTIC BATTERY SIMPLE,STREET,false,true,932,9,16,61,08B,1166515,1868240,2009,02/10/2018 03:50:01 PM,41.794020066,-87.664932745,"(41.794020066, -87.664932745)"
6827045,HR235625,03/24/2009 05:00:00 PM,059XX S PAULINA ST,0460,BATTERY,SIMPLE,SIDEWALK,false,false,714,7,15,67,08B,1166025,1865410,2009,02/28/2018 03:56:25 PM,41.786264639,-87.666810004,"(41.786264639, -87.666810004)"
6821681,HR229330,03/22/2009 01:30:00 PM,009XX N HAMLIN AVE,1365,CRIMINAL TRESPASS,TO RESIDENCE,APARTMENT,false,false,1112,11,27,23,26,1150881,1906006,2009,02/28/2018 03:56:25 PM,41.897973968,-87.721275332,"(41.897973968, -87.721275332)"
6819703,HR223803,03/19/2009 10:00:00 AM,081XX S STEWART AVE,1811,NARCOTICS,POSS: CANNABIS 30GMS OR LESS,"SCHOOL, PUBLIC, GROUNDS",true,false,622,6,21,44,18,1175040,1850981,2009,02/04/2016 06:33:39 AM,41.746473269,-87.634186599,"(41.746473269, -87.634186599)"
6795725,HR197373,03/03/2009 06:05:00 PM,039XX W MADISON ST,1811,NARCOTICS,POSS: CANNABIS 30GMS OR LESS,SIDEWALK,true,false,1122,11,28,26,18,1150223,1899725,2009,02/28/2018 03:56:25 PM,41.880751096,-87.723855981,"(41.880751096, -87.723855981)"
6775079,HR189217,02/24/2009 02:15:00 PM,006XX W KEMPER PL,0460,BATTERY,SIMPLE,"SCHOOL, PUBLIC, BUILDING",false,false,1812,18,43,7,08B,1171662,1915868,2009,02/28/2018 03:56:25 PM,41.924603628,-87.644658124,"(41.924603628, -87.644658124)"
6746600,HR163343,02/10/2009 12:45:00 PM,100XX S CALUMET AVE,2027,NARCOTICS,POSS: CRACK,STREET,true,false,511,5,9,49,18,1180351,1838503,2009,02/04/2016 06:33:39 AM,41.712112049,-87.615107494,"(41.712112049, -87.615107494)"
6714289,HR129080,01/19/2009 08:55:00 PM,008XX W 87TH ST,0860,THEFT,RETAIL THEFT,GROCERY FOOD STORE,false,false,2222,22,21,71,06,1171993,1847157,2009,02/28/2018 03:56:25 PM,41.736047095,-87.6454635,"(41.736047095, -87.6454635)"
6713770,HR130085,01/17/2009 05:00:00 PM,043XX N RIDGEWAY AVE,0910,MOTOR VEHICLE THEFT,AUTOMOBILE,STREET,false,false,1723,17,39,16,07,1150614,1928490,2009,02/04/2016 06:33:39 AM,41.959677219,-87.721666882,"(41.959677219, -87.721666882)"
6692072,HR105837,01/04/2009 05:00:00 PM,009XX W BELMONT AVE,0910,MOTOR VEHICLE THEFT,AUTOMOBILE,VEHICLE NON-COMMERCIAL,false,false,1932,19,44,6,07,1169607,1921441,2009,02/28/2018 03:56:25 PM,41.93994124,-87.652046309,"(41.93994124, -87.652046309)"
6639589,HP711916,12/01/2008 09:09:06 PM,073XX S EUCLID AVE,1811,NARCOTICS,POSS: CANNABIS 30GMS OR LESS,STREET,true,false,333,3,5,43,18,1190310,1856783,2008,02/28/2018 03:56:25 PM,41.762040373,-87.578047814,"(41.762040373, -87.578047814)"
6602406,HP673866,11/09/2008 05:10:28 AM,016XX W GREENLEAF AVE,041A,BATTERY,AGGRAVATED: HANDGUN,SIDEWALK,false,false,2423,24,49,1,04B,1164273,1947025,2008,02/10/2018 03:50:01 PM,42.010259327,-87.670923267,"(42.010259327, -87.670923267)"
6971851,HR376620,11/01/2008 04:00:00 PM,049XX S KEDVALE AVE,0890,THEFT,FROM BUILDING,RESIDENCE,false,false,815,8,14,57,06,1149528,1871611,2008,02/10/2018 03:50:01 PM,41.803616143,-87.727136612,"(41.803616143, -87.727136612)"
6586194,HP658091,10/31/2008 03:08:00 PM,035XX E 114TH ST,1811,NARCOTICS,POSS: CANNABIS 30GMS OR LESS,ALLEY,true,false,433,4,10,52,18,1201660,1829983,2008,02/10/2018 03:50:01 PM,41.688218178,-87.537357913,"(41.688218178, -87.537357913)"
6575176,HP647851,10/25/2008 09:00:00 PM,0000X E 121ST ST,1330,CRIMINAL TRESPASS,TO LAND,ABANDONED BUILDING,true,false,532,5,9,53,26,1178653,1824713,2008,02/28/2018 03:56:25 PM,41.674309013,-87.621743218,"(41.674309013, -87.621743218)"
6562111,HP635859,10/19/2008 04:13:00 AM,027XX N KENMORE AVE,0313,ROBBERY,ARMED: OTHER DANGEROUS WEAPON,ALLEY,false,false,1933,19,32,7,03,1168792,1918258,2008,02/28/2018 03:56:25 PM,41.931224675,-87.655134215,"(41.931224675, -87.655134215)"
6531432,HP602827,10/01/2008 07:00:00 AM,042XX W DIVISION ST,0520,ASSAULT,AGGRAVATED:KNIFE/CUTTING INSTR,RESIDENCE,false,true,2534,25,37,23,04A,1147973,1907664,2008,09/07/2021 03:41:02 PM,41.902580126,-87.731913541,"(41.902580126, -87.731913541)"
6546786,HP594951,09/26/2008 07:00:00 PM,048XX W LAKE ST,1506,PROSTITUTION,SOLICIT ON PUBLIC WAY,STREET,true,false,1532,15,28,25,16,1143990,1901850,2008,02/10/2018 03:50:01 PM,41.886701536,-87.746689956,"(41.886701536, -87.746689956)"
6492071,HP562682,09/09/2008 09:05:00 PM,049XX S KOMENSKY AVE,1310,CRIMINAL DAMAGE,TO PROPERTY,RESIDENCE,false,false,815,8,14,57,14,1150196,1871659,2008,02/28/2018 03:56:25 PM,41.803734907,-87.724685448,"(41.803734907, -87.724685448)"
6476360,HP552927,09/04/2008 01:46:21 PM,002XX E PERSHING RD,0890,THEFT,FROM BUILDING,"SCHOOL, PUBLIC, BUILDING",false,false,211,2,3,35,06,1178744,1879190,2008,02/28/2018 03:56:25 PM,41.823798151,-87.619756522,"(41.823798151, -87.619756522)"
6468788,HP546852,09/01/2008 10:45:00 AM,061XX S WHIPPLE ST,0337,ROBBERY,ATTEMPT: ARMED-OTHER DANG WEAP,OTHER,false,false,823,8,15,66,03,1157101,1863864,2008,02/28/2018 03:56:25 PM,41.782207371,-87.699571875,"(41.782207371, -87.699571875)"
6464688,HP540645,08/28/2008 09:09:04 PM,026XX W TOUHY AVE,0486,BATTERY,DOMESTIC BATTERY SIMPLE,APARTMENT,false,true,2411,24,50,2,08B,1157391,1947661,2008,09/07/2021 03:41:02 PM,42.012147864,-87.696227217,"(42.012147864, -87.696227217)"
6450691,HP530077,08/23/2008 02:00:00 AM,071XX S MOZART ST,0810,THEFT,OVER $500,STREET,false,false,831,8,18,66,06,1158608,1857141,2008,02/10/2018 03:50:01 PM,41.763727864,-87.694229929,"(41.763727864, -87.694229929)"
6450308,HP525751,08/21/2008 06:40:00 AM,016XX W 49TH ST,1513,PROSTITUTION,SOLICIT FOR BUSINESS,STREET,true,false,931,9,16,61,16,1166418,1872226,2008,02/28/2018 03:56:25 PM,41.804960188,-87.665174824,"(41.804960188, -87.665174824)"
6439729,HP518338,08/16/2008 10:45:00 PM,032XX N LAKE SHORE DR NB,0281,CRIM SEXUAL ASSAULT,NON-AGGRAVATED,PARK PROPERTY,false,false,2331,19,44,6,02,1173277,1921799,2008,02/28/2018 03:56:25 PM,41.940842775,-87.638547362,"(41.940842775, -87.638547362)"
6364309,HP448658,07/12/2008 05:04:00 PM,092XX S LA SALLE ST,0470,PUBLIC PEACE VIOLATION,RECKLESS CONDUCT,STREET,true,false,634,6,21,49,24,1176900,1843789,2008,02/28/2018 03:56:25 PM,41.726695841,-87.627587259,"(41.726695841, -87.627587259)"
6371446,HP447018,07/11/2008 09:20:00 PM,011XX S WESTERN AVE,0486,BATTERY,DOMESTIC BATTERY SIMPLE,APARTMENT,false,true,1135,11,28,28,08B,1160548,1895114,2008,02/10/2018 03:50:01 PM,41.867890615,-87.686071002,"(41.867890615, -87.686071002)"
6351338,HP437058,07/06/2008 11:32:39 PM,060XX S PRAIRIE AVE,0430,BATTERY,AGGRAVATED: OTHER DANG WEAPON,RESIDENCE PORCH/HALLWAY,false,false,311,3,20,40,04B,1179072,1865104,2008,02/28/2018 03:56:25 PM,41.785137443,-87.618982714,"(41.785137443, -87.618982714)"
6344489,HP427298,06/30/2008 10:00:00 PM,084XX S VERNON AVE,0820,THEFT,$500 AND UNDER,STREET,false,false,632,6,6,44,06,1180830,1849052,2008,02/28/2018 03:56:25 PM,41.741048817,-87.613029999,"(41.741048817, -87.613029999)"
6325155,HP410644,06/22/2008 01:00:00 AM,002XX E MARQUETTE RD,0810,THEFT,OVER $500,STREET,false,false,322,3,20,69,06,1178885,1860639,2008,02/28/2018 03:56:25 PM,41.772889293,-87.619804169,"(41.772889293, -87.619804169)"
6288842,HP376272,06/05/2008 07:38:52 AM,043XX S WABASH AVE,1563,SEX OFFENSE,CRIMINAL SEXUAL ABUSE,OTHER,false,false,221,2,3,38,17,1177436,1876313,2008,02/10/2018 03:50:01 PM,41.815933131,-87.624642127,"(41.815933131, -87.624642127)"
6294202,HP375918,06/04/2008 10:58:00 PM,039XX N SHERIDAN RD,0460,BATTERY,SIMPLE,CTA TRAIN,false,false,2324,19,44,6,08B,1168891,1926517,2008,02/28/2018 03:56:25 PM,41.953885576,-87.65453007,"(41.953885576, -87.65453007)"
6307690,HP392855,06/04/2008 04:00:00 PM,008XX N TRIPP AVE,1563,SEX OFFENSE,CRIMINAL SEXUAL ABUSE,RESIDENCE-GARAGE,false,false,1111,11,37,23,17,1147889,1905395,2008,02/10/2018 03:50:01 PM,41.896355366,-87.732280482,"(41.896355366, -87.732280482)"
6274510,HP360489,05/27/2008 04:45:00 PM,026XX S UNION AVE,0810,THEFT,OVER $500,STREET,false,false,923,9,11,60,06,1172069,1886867,2008,02/28/2018 03:56:25 PM,41.84501404,-87.644018605,"(41.84501404, -87.644018605)"
6252304,HP339317,05/16/2008 01:00:00 PM,002XX N MICHIGAN AVE,0820,THEFT,$500 AND UNDER,SIDEWALK,false,false,124,1,42,32,06,1177258,1901860,2008,02/28/2018 03:56:25 PM,41.886039903,-87.624521539,"(41.886039903, -87.624521539)"
6227057,HP313245,05/02/2008 03:00:00 PM,003XX W OAK ST,0560,ASSAULT,SIMPLE,CHA PARKING LOT/GROUNDS,false,true,1823,18,27,8,08A,1173484,1907095,2008,09/07/2021 03:41:02 PM,41.900489748,-87.638224621,"(41.900489748, -87.638224621)"
6208904,HP294395,04/22/2008 01:50:00 PM,003XX W 42ND ST,1811,NARCOTICS,POSS: CANNABIS 30GMS OR LESS,RESIDENCE PORCH/HALLWAY,true,false,935,9,3,61,18,1174442,1877099,2008,02/28/2018 03:56:25 PM,41.818157221,-87.635601233,"(41.818157221, -87.635601233)"
6208193,HP292415,04/20/2008 07:00:00 PM,063XX W 59TH ST,0620,BURGLARY,UNLAWFUL ENTRY,RESIDENCE-GARAGE,false,false,811,8,23,64,05,1135320,1864750,2008,02/28/2018 03:56:25 PM,41.785051497,-87.779407539,"(41.785051497, -87.779407539)"
6156259,HP243675,03/25/2008 06:52:00 PM,132XX S PRAIRIE AVE,1310,CRIMINAL DAMAGE,TO PROPERTY,APARTMENT,false,false,533,5,9,54,14,1180210,1817348,2008,02/28/2018 03:56:25 PM,41.654062894,-87.616268706,"(41.654062894, -87.616268706)"
6146948,HP236629,03/21/2008 12:30:00 AM,066XX S MARQUETTE RD,1563,SEX OFFENSE,CRIMINAL SEXUAL ABUSE,STREET,true,false,321,3,20,42,17,1180716,1861068,2008,02/10/2018 03:50:01 PM,41.77402463,-87.613079088,"(41.77402463, -87.613079088)"
6121048,HP215423,03/08/2008 09:00:00 PM,005XX N DESPLAINES ST,0810,THEFT,OVER $500,STREET,false,false,1323,12,27,24,06,1171835,1903854,2008,02/28/2018 03:56:25 PM,41.891632755,-87.644377022,"(41.891632755, -87.644377022)"
6100460,HP193539,02/25/2008 09:40:00 AM,059XX N GLENWOOD AVE,0484,BATTERY,PRO EMP HANDS NO/MIN INJURY,"SCHOOL, PUBLIC, BUILDING",false,false,2013,20,48,77,08B,1165910,1939379,2008,02/28/2018 03:56:25 PM,41.989243623,-87.665119726,"(41.989243623, -87.665119726)"
6149098,HP234785,02/22/2008 12:00:00 PM,012XX S ASHLAND AVE,1120,DECEPTIVE PRACTICE,FORGERY,BANK,false,false,1224,12,2,28,10,1165916,1894587,2008,02/28/2018 03:56:25 PM,41.866331725,-87.666379171,"(41.866331725, -87.666379171)"
6095707,HP186906,02/21/2008 01:00:00 PM,028XX S KOMENSKY AVE,0470,PUBLIC PEACE VIOLATION,RECKLESS CONDUCT,"SCHOOL, PUBLIC, BUILDING",true,false,1031,10,22,30,24,1149839,1884869,2008,02/10/2018 03:50:01 PM,41.839991916,-87.72565211,"(41.839991916, -87.72565211)"
6070372,HP169122,02/10/2008 04:20:00 PM,002XX E 121ST PL,1310,CRIMINAL DAMAGE,TO PROPERTY,APARTMENT,false,true,532,5,9,53,14,1180007,1824447,2008,09/07/2021 03:41:02 PM,41.673548279,-87.616795523,"(41.673548279, -87.616795523)"
6033958,HP135957,01/21/2008 07:30:00 PM,033XX W 38TH PL,041A,BATTERY,AGGRAVATED: HANDGUN,SIDEWALK,false,false,913,9,12,58,04B,1154792,1878876,2008,02/10/2018 03:50:01 PM,41.823448774,-87.707636721,"(41.823448774, -87.707636721)"
6030607,HP134030,01/16/2008 04:30:00 PM,007XX W 48TH PL,0610,BURGLARY,FORCIBLE ENTRY,RESIDENCE,false,false,935,9,11,61,05,1172217,1872709,2008,02/28/2018 03:56:25 PM,41.806159913,-87.643892418,"(41.806159913, -87.643892418)"
6033051,HP125488,01/15/2008 02:43:00 PM,075XX N WINCHESTER AVE,2017,NARCOTICS,MANU/DELIVER:CRACK,VEHICLE NON-COMMERCIAL,true,false,2424,24,49,1,18,,,2008,08/17/2015 03:03:40 PM,,,
6016901,HP122762,01/14/2008 02:10:00 AM,005XX W 103RD PL,0486,BATTERY,DOMESTIC BATTERY SIMPLE,RESIDENCE,true,true,2232,22,34,49,08B,1174613,1836259,2008,02/28/2018 03:56:25 PM,41.70608361,-87.636188105,"(41.70608361, -87.636188105)"
6011293,HP117377,01/01/2008 12:00:00 AM,012XX S CANAL ST,1150,DECEPTIVE PRACTICE,CREDIT CARD FRAUD,OTHER,false,false,131,1,2,28,11,1173311,1894747,2008,02/10/2018 03:50:01 PM,41.866609911,-87.639226889,"(41.866609911, -87.639226889)"
5985314,HN776295,12/24/2007 06:15:00 PM,005XX N LOCKWOOD AVE,0486,BATTERY,DOMESTIC BATTERY SIMPLE,RESIDENCE PORCH/HALLWAY,false,true,1523,15,28,25,08B,1140943,1902894,2007,02/28/2018 03:56:25 PM,41.889623016,-87.757853768,"(41.889623016, -87.757853768)"
6033652,HN769278,12/20/2007 01:00:00 PM,046XX W CHICAGO AVE,0915,MOTOR VEHICLE THEFT,"TRUCK, BUS, MOTOR HOME",PARKING LOT/GARAGE(NON.RESID.),false,false,1111,11,37,25,07,1145243,1904910,2007,02/28/2018 03:56:25 PM,41.895074928,-87.742011123,"(41.895074928, -87.742011123)"
5992266,HN767958,12/19/2007 07:05:00 PM,056XX W CORCORAN PL,1513,PROSTITUTION,SOLICIT FOR BUSINESS,STREET,true,false,1512,15,29,25,16,1138411,1901991,2007,02/28/2018 03:56:25 PM,41.887191291,-87.767174373,"(41.887191291, -87.767174373)"
5969286,HN759255,12/14/2007 07:30:00 AM,003XX E 114TH PL,0910,MOTOR VEHICLE THEFT,AUTOMOBILE,STREET,false,false,531,5,9,49,07,1180710,1828955,2007,02/28/2018 03:56:25 PM,41.685902815,-87.614084759,"(41.685902815, -87.614084759)"
5969425,HN755289,12/09/2007 04:30:00 AM,079XX S WOLCOTT AVE,1310,CRIMINAL DAMAGE,TO PROPERTY,RESIDENCE,false,false,611,6,18,71,14,1165068,1852063,2007,02/28/2018 03:56:25 PM,41.749658966,-87.670695872,"(41.749658966, -87.670695872)"
5943411,HN743046,12/05/2007 01:00:00 AM,0000X E DIVISION ST,0890,THEFT,FROM BUILDING,RESIDENCE,false,false,1824,18,42,8,06,1176399,1908384,2007,02/28/2018 03:56:25 PM,41.903961513,-87.627478844,"(41.903961513, -87.627478844)"
5945002,HN742040,12/04/2007 04:22:00 PM,007XX W MARQUETTE RD,2027,NARCOTICS,POSS: CRACK,SIDEWALK,true,false,723,7,6,68,18,1172384,1860440,2007,02/28/2018 03:56:25 PM,41.77248875,-87.6436409,"(41.77248875, -87.6436409)"
5932189,HN730829,11/28/2007 07:47:49 AM,084XX S MUSKEGON AVE,0610,BURGLARY,FORCIBLE ENTRY,RESIDENCE,false,false,423,4,10,46,05,1196622,1849543,2007,02/28/2018 03:56:25 PM,41.74201887,-87.555154046,"(41.74201887, -87.555154046)"
5927459,HN721167,11/21/2007 09:56:38 PM,071XX S NORMAL BLVD,1811,NARCOTICS,POSS: CANNABIS 30GMS OR LESS,SIDEWALK,true,false,732,7,6,68,18,1174195,1857594,2007,02/28/2018 03:56:25 PM,41.76463895,-87.637086762,"(41.76463895, -87.637086762)"
5867633,HN676104,10/26/2007 05:00:00 PM,023XX N CLARK ST,1310,CRIMINAL DAMAGE,TO PROPERTY,SMALL RETAIL STORE,false,false,1812,18,43,7,14,1172951,1915910,2007,02/10/2018 03:50:01 PM,41.924690373,-87.639920575,"(41.924690373, -87.639920575)"
5843154,HN651311,10/15/2007 09:00:00 AM,104XX S CORLISS AVE,0610,BURGLARY,FORCIBLE ENTRY,CONSTRUCTION SITE,false,false,512,5,9,50,05,1183430,1835679,2007,02/10/2018 03:50:01 PM,41.704291609,-87.603919042,"(41.704291609, -87.603919042)"
5823934,HN634340,10/07/2007 11:00:00 AM,017XX S PAULINA ST,0820,THEFT,$500 AND UNDER,STREET,false,false,1223,12,25,31,06,1165314,1891706,2007,02/28/2018 03:56:25 PM,41.858438817,-87.668671044,"(41.858438817, -87.668671044)"
5820221,HN629919,10/05/2007 12:00:00 AM,053XX W SCHOOL ST,1320,CRIMINAL DAMAGE,TO VEHICLE,STREET,false,false,1634,16,38,15,14,1140189,1921422,2007,02/28/2018 03:56:25 PM,41.940479759,-87.760168086,"(41.940479759, -87.760168086)"
5805156,HN614989,09/27/2007 05:30:00 PM,015XX S TRIPP AVE,0520,ASSAULT,AGGRAVATED:KNIFE/CUTTING INSTR,STREET,false,false,1012,10,24,29,04A,1148301,1892205,2007,02/10/2018 03:50:01 PM,41.860152563,-87.731107195,"(41.860152563, -87.731107195)"
5815064,HN614564,09/27/2007 02:54:14 PM,001XX N LAPORTE AVE,1811,NARCOTICS,POSS: CANNABIS 30GMS OR LESS,SIDEWALK,true,false,1532,15,28,25,18,1143348,1900795,2007,02/28/2018 03:56:25 PM,41.883818509,-87.749073953,"(41.883818509, -87.749073953)"
5805494,HN615304,09/27/2007 01:00:00 PM,001XX W MADISON ST,0810,THEFT,OVER $500,PARKING LOT/GARAGE(NON.RESID.),false,false,113,1,42,32,06,1174945,1900351,2007,02/28/2018 03:56:25 PM,41.881951231,-87.633060512,"(41.881951231, -87.633060512)"
5807836,HN615225,09/27/2007 02:30:00 AM,067XX S CHAPPEL AVE,0890,THEFT,FROM BUILDING,APARTMENT,false,true,331,3,5,43,06,1191038,1860698,2007,02/28/2018 03:56:25 PM,41.772765871,-87.575253185,"(41.772765871, -87.575253185)"
5796962,HN605955,09/23/2007 05:11:09 AM,051XX S LOOMIS BLVD,143A,WEAPONS VIOLATION,UNLAWFUL POSS OF HANDGUN,APARTMENT,true,false,933,9,16,61,15,1167866,1870720,2007,02/28/2018 03:56:25 PM,41.800796541,-87.659907455,"(41.800796541, -87.659907455)"
5806593,HN605446,09/22/2007 09:05:00 PM,006XX N KEDZIE AVE,0486,BATTERY,DOMESTIC BATTERY SIMPLE,SIDEWALK,false,true,1121,11,27,23,08B,1154925,1904130,2007,02/10/2018 03:50:01 PM,41.892745919,-87.706472369,"(41.892745919, -87.706472369)"
5785832,HN583758,09/11/2007 08:17:00 PM,025XX W MADISON ST,1506,PROSTITUTION,SOLICIT ON PUBLIC WAY,STREET,true,false,1332,12,2,28,16,1159587,1899932,2007,02/28/2018 03:56:25 PM,41.881131494,-87.689466328,"(41.881131494, -87.689466328)"
5776798,HN578935,09/09/2007 12:26:16 PM,0000X E 110TH ST,1811,NARCOTICS,POSS: CANNABIS 30GMS OR LESS,SIDEWALK,true,false,513,5,9,49,18,1178659,1832040,2007,02/28/2018 03:56:25 PM,41.694415246,-87.621499674,"(41.694415246, -87.621499674)"
5753485,HN562320,08/31/2007 06:00:00 AM,018XX W CULLERTON ST,0890,THEFT,FROM BUILDING,APARTMENT,false,false,1223,12,25,31,06,1164360,1890436,2007,02/28/2018 03:56:25 PM,41.854974029,-87.672208722,"(41.854974029, -87.672208722)"
5752537,HN560552,08/30/2007 10:33:00 PM,070XX S CLYDE AVE,1661,GAMBLING,GAME/DICE,SIDEWALK,true,false,331,3,5,43,19,1191431,1858633,2007,02/28/2018 03:56:25 PM,41.767089837,-87.573879419,"(41.767089837, -87.573879419)"
5732934,HN540167,08/20/2007 02:15:00 PM,015XX W DIVISION ST,0810,THEFT,OVER $500,SIDEWALK,false,false,1433,14,1,24,06,1166099,1908086,2007,02/28/2018 03:56:25 PM,41.903370114,-87.665321604,"(41.903370114, -87.665321604)"
5724119,HN528517,08/14/2007 01:03:00 PM,079XX S ASHLAND AVE,0860,THEFT,RETAIL THEFT,SMALL RETAIL STORE,false,false,612,6,21,71,06,1167053,1852078,2007,02/10/2018 03:50:01 PM,41.749657947,-87.66342156,"(41.749657947, -87.66342156)"
5699730,HN508398,08/04/2007 12:00:00 AM,082XX S DREXEL AVE,0841,THEFT,FINANCIAL ID THEFT:$300 &UNDER,RESIDENCE,false,true,631,6,8,44,06,1183669,1850515,2007,02/28/2018 03:56:25 PM,41.744997768,-87.602582699,"(41.744997768, -87.602582699)"
5694265,HN500928,07/31/2007 05:30:00 PM,070XX S GREEN ST,1310,CRIMINAL DAMAGE,TO PROPERTY,RESIDENCE-GARAGE,true,false,733,7,6,68,14,1171849,1858223,2007,02/28/2018 03:56:25 PM,41.766416791,-87.645667032,"(41.766416791, -87.645667032)"
5699200,HN483899,07/22/2007 11:00:00 PM,080XX S ADA ST,0820,THEFT,$500 AND UNDER,RESIDENCE,false,false,612,6,21,71,06,1168725,1851508,2007,02/10/2018 03:50:01 PM,41.748057902,-87.657311059,"(41.748057902, -87.657311059)"
5827257,HN637685,07/11/2007 12:01:00 AM,061XX S FAIRFIELD AVE,2825,OTHER OFFENSE,HARASSMENT BY TELEPHONE,APARTMENT,false,false,825,8,15,66,26,1159097,1863799,2007,02/28/2018 03:56:25 PM,41.781988399,-87.692255719,"(41.781988399, -87.692255719)"
5643048,HN442861,07/03/2007 12:01:00 AM,070XX S THROOP ST,5003,OTHER OFFENSE,OTHER ARSON/EXPLOSIVE INCIDENT,OTHER,true,false,734,7,17,67,26,1168878,1857997,2007,02/28/2018 03:56:25 PM,41.765861282,-87.656563363,"(41.765861282, -87.656563363)"
5596610,HN401158,06/12/2007 10:00:00 AM,046XX S COTTAGE GROVE AVE,0880,THEFT,PURSE-SNATCHING,SIDEWALK,false,false,222,2,4,38,06,1182371,1874513,2007,02/10/2018 03:50:01 PM,41.810880681,-87.606595602,"(41.810880681, -87.606595602)"
5592719,HN397746,06/11/2007 07:58:00 AM,074XX S LANGLEY AVE,1330,CRIMINAL TRESPASS,TO LAND,VACANT LOT/LAND,true,false,323,3,6,69,26,1182183,1855773,2007,02/10/2018 03:50:01 PM,41.759460781,-87.607865121,"(41.759460781, -87.607865121)"
5587008,HN394289,06/06/2007 10:00:00 PM,011XX W 104TH PL,0910,MOTOR VEHICLE THEFT,AUTOMOBILE,STREET,false,false,2232,22,34,73,07,1170473,1835504,2007,02/28/2018 03:56:25 PM,41.704102745,-87.651370415,"(41.704102745, -87.651370415)"
5582542,HN387455,06/05/2007 10:41:00 PM,048XX W POLK ST,2027,NARCOTICS,POSS: CRACK,ALLEY,true,false,1533,15,24,25,18,1144293,1895859,2007,02/28/2018 03:56:25 PM,41.870255812,-87.745727875,"(41.870255812, -87.745727875)"
5547661,HN354369,05/20/2007 04:16:59 PM,067XX S WOOD ST,1811,NARCOTICS,POSS: CANNABIS 30GMS OR LESS,STREET,true,false,726,7,15,67,18,1165506,1860090,2007,02/28/2018 03:56:25 PM,41.771676896,-87.668863647,"(41.771676896, -87.668863647)"
5525546,HN340459,05/13/2007 08:05:45 PM,016XX W HOLLYWOOD AVE,1310,CRIMINAL DAMAGE,TO PROPERTY,RESIDENCE,false,false,2012,20,40,77,14,1164176,1937852,2007,02/28/2018 03:56:25 PM,41.985090436,-87.671541015,"(41.985090436, -87.671541015)"
5534302,HN338066,05/12/2007 12:30:00 PM,002XX E 103RD ST,0860,THEFT,RETAIL THEFT,GROCERY FOOD STORE,true,false,512,5,9,49,06,1179531,1836723,2007,02/28/2018 03:56:25 PM,41.707246223,-87.618164684,"(41.707246223, -87.618164684)"
5491480,HN310419,04/28/2007 02:15:00 PM,060XX W 63RD ST,2027,NARCOTICS,POSS: CRACK,SIDEWALK,true,false,812,8,13,64,18,1137412,1862142,2007,02/28/2018 03:56:25 PM,41.777857433,-87.771799635,"(41.777857433, -87.771799635)"
5487439,HN308689,04/27/2007 04:00:00 PM,032XX S CALUMET AVE,0870,THEFT,POCKET-PICKING,RESIDENCE PORCH/HALLWAY,false,false,2112,2,2,35,06,1179127,1883611,2007,02/28/2018 03:56:25 PM,41.835920973,-87.618216431,"(41.835920973, -87.618216431)"
5476324,HN301470,04/23/2007 09:00:00 PM,028XX N DRAKE AVE,1320,CRIMINAL DAMAGE,TO VEHICLE,STREET,true,false,1412,14,35,21,14,1152222,1918893,2007,02/10/2018 03:50:01 PM,41.933310689,-87.716009234,"(41.933310689, -87.716009234)"
5445107,HN274565,04/10/2007 12:55:00 AM,008XX N MOHAWK ST,1340,CRIMINAL DAMAGE,TO STATE SUP PROP,CHA APARTMENT,false,true,1823,18,27,8,14,1172676,1906263,2007,09/07/2021 03:41:02 PM,41.89822462,-87.641217072,"(41.89822462, -87.641217072)"
5438989,HN271531,04/08/2007 06:04:09 AM,078XX S STONY ISLAND AVE,2027,NARCOTICS,POSS: CRACK,STREET,true,false,411,4,8,43,18,1188311,1853403,2007,02/28/2018 03:56:25 PM,41.752813278,-87.585481968,"(41.752813278, -87.585481968)"
5436488,HN270267,04/07/2007 07:30:00 AM,065XX S MORGAN ST,0810,THEFT,OVER $500,RESIDENCE,false,false,723,7,17,68,06,1170772,1861366,2007,02/28/2018 03:56:25 PM,41.775065128,-87.649523037,"(41.775065128, -87.649523037)"
5505873,HN268137,04/06/2007 05:55:00 AM,044XX W WASHINGTON BLVD,1506,PROSTITUTION,SOLICIT ON PUBLIC WAY,SIDEWALK,true,false,1113,11,28,26,16,1146775,1900126,2007,02/28/2018 03:56:25 PM,41.881917981,-87.736506636,"(41.881917981, -87.736506636)"
5428148,HN262382,04/02/2007 09:30:00 PM,057XX S MAPLEWOOD AVE,0486,BATTERY,DOMESTIC BATTERY SIMPLE,RESIDENCE,true,true,824,8,16,63,08B,1160352,1866557,2007,02/28/2018 03:56:25 PM,41.789530959,-87.687578592,"(41.789530959, -87.687578592)"
5397189,HN240684,03/22/2007 11:30:00 AM,061XX S VERNON AVE,0460,BATTERY,SIMPLE,RESIDENCE,true,false,313,3,20,42,08B,1180304,1864427,2007,02/10/2018 03:50:01 PM,41.783251514,-87.614486453,"(41.783251514, -87.614486453)"
5399138,HN238718,03/21/2007 12:15:50 PM,0000X N LOREL AVE,2027,NARCOTICS,POSS: CRACK,RESIDENCE PORCH/HALLWAY,true,false,1522,15,28,25,18,1140719,1899724,2007,02/28/2018 03:56:25 PM,41.880928259,-87.758754351,"(41.880928259, -87.758754351)"
5381918,HN231164,03/17/2007 07:00:00 AM,044XX S WALLACE ST,0486,BATTERY,DOMESTIC BATTERY SIMPLE,RESIDENCE,false,true,935,9,11,61,08B,1173036,1875559,2007,02/28/2018 03:56:25 PM,41.813962527,-87.640804402,"(41.813962527, -87.640804402)"
5366933,HN220350,03/10/2007 03:00:00 PM,079XX S WINCHESTER AVE,0820,THEFT,$500 AND UNDER,STREET,false,false,611,6,18,71,06,1164739,1851987,2007,02/28/2018 03:56:25 PM,41.749457357,-87.67190361,"(41.749457357, -87.67190361)"
5344362,HN199920,02/21/2007 10:07:00 AM,106XX S LAFAYETTE AVE,0620,BURGLARY,UNLAWFUL ENTRY,CONSTRUCTION SITE,false,false,512,5,34,49,05,1177805,1834571,2007,02/28/2018 03:56:25 PM,41.701379996,-87.624550128,"(41.701379996, -87.624550128)"
5252641,HN130111,01/16/2007 03:00:00 PM,060XX N FAIRFIELD AVE,5002,OTHER OFFENSE,OTHER VEHICLE OFFENSE,STREET,false,true,2413,24,50,2,26,1156910,1940007,2007,02/28/2018 03:56:25 PM,41.991154802,-87.698205954,"(41.991154802, -87.698205954)"
5447073,HN144280,01/12/2007 10:00:00 AM,021XX N LINCOLN PARK WEST,0890,THEFT,FROM BUILDING,RESIDENCE,false,false,1814,18,43,7,06,1173917,1914438,2007,02/28/2018 03:56:25 PM,41.920629653,-87.63641506,"(41.920629653, -87.63641506)"
5138909,HM734808,11/22/2006 12:40:00 PM,043XX W ROOSEVELT RD,0460,BATTERY,SIMPLE,STREET,true,false,1131,11,24,29,08B,1147452,1894346,2006,02/28/2018 03:56:25 PM,41.866044031,-87.734168834,"(41.866044031, -87.734168834)"
5137002,HM733846,11/21/2006 07:55:00 PM,014XX N HOMAN AVE,1345,CRIMINAL DAMAGE,TO CITY OF CHICAGO PROPERTY,CTA BUS,false,false,1422,14,26,23,14,1153438,1909184,2006,02/10/2018 03:50:01 PM,41.906644255,-87.711799088,"(41.906644255, -87.711799088)"
5130863,HM728028,11/18/2006 09:00:00 AM,001XX W MAPLE ST,0890,THEFT,FROM BUILDING,APARTMENT,false,false,1824,18,43,8,06,1174883,1907592,2006,02/28/2018 03:56:25 PM,41.901822321,-87.633071176,"(41.901822321, -87.633071176)"
5131840,HM725729,11/17/2006 12:38:05 PM,065XX S HOYNE AVE,0910,MOTOR VEHICLE THEFT,AUTOMOBILE,OTHER,false,false,726,7,15,67,07,1163491,1861197,2006,02/28/2018 03:56:25 PM,41.774757137,-87.676218996,"(41.774757137, -87.676218996)"
5107127,HM707411,11/07/2006 07:10:00 PM,040XX W 26TH ST,0860,THEFT,RETAIL THEFT,DRUG STORE,true,false,1031,10,22,30,06,1150021,1886423,2006,02/10/2018 03:50:01 PM,41.844252757,-87.724943845,"(41.844252757, -87.724943845)"
5150688,HM745014,11/07/2006 03:00:00 PM,114XX S ELIZABETH ST,1130,DECEPTIVE PRACTICE,FRAUD OR CONFIDENCE GAME,STREET,false,false,2234,22,34,75,11,1170050,1828740,2006,02/10/2018 03:50:01 PM,41.685550423,-87.653114971,"(41.685550423, -87.653114971)"
5104569,HM704660,11/05/2006 09:30:00 PM,027XX W TOUHY AVE,0610,BURGLARY,FORCIBLE ENTRY,SMALL RETAIL STORE,false,false,2411,24,50,2,05,1156774,1947638,2006,02/28/2018 03:56:25 PM,42.012097329,-87.698498082,"(42.012097329, -87.698498082)"
5098390,HM698777,11/02/2006 10:30:00 PM,080XX S VINCENNES AVE,031A,ROBBERY,ARMED: HANDGUN,SIDEWALK,false,false,621,6,17,44,03,1174844,1851614,2006,02/28/2018 03:56:25 PM,41.748214668,-87.634885958,"(41.748214668, -87.634885958)"
5042073,HM651332,10/10/2006 07:40:00 AM,002XX N STATE ST,0870,THEFT,POCKET-PICKING,CTA BUS,false,false,122,1,42,32,06,1176327,1901797,2006,02/28/2018 03:56:25 PM,41.885888079,-87.627942238,"(41.885888079, -87.627942238)"
5037185,HM644635,10/06/2006 06:50:00 PM,069XX S CLYDE AVE,0486,BATTERY,DOMESTIC BATTERY SIMPLE,STREET,false,true,331,3,5,43,08B,1191413,1859268,2006,02/28/2018 03:56:25 PM,41.768832763,-87.573924845,"(41.768832763, -87.573924845)"
5229254,HM631122,09/29/2006 10:21:45 PM,021XX W ARMITAGE AVE,2031,NARCOTICS,POSS: METHAMPHETAMINES,RESIDENCE,true,false,1434,14,32,22,18,1161758,1913269,2006,02/10/2018 03:50:01 PM,41.917684298,-87.681122239,"(41.917684298, -87.681122239)"
4996396,HM601926,09/15/2006 12:30:00 AM,066XX S GREEN ST,1310,CRIMINAL DAMAGE,TO PROPERTY,RESIDENCE,false,false,723,7,16,68,14,1171780,1860825,2006,02/10/2018 03:50:01 PM,41.773558506,-87.645843707,"(41.773558506, -87.645843707)"
4975702,HM586338,09/07/2006 05:15:00 AM,012XX S WABASH AVE,1330,CRIMINAL TRESPASS,TO LAND,GAS STATION,true,false,132,1,2,33,26,1176963,1894862,2006,02/10/2018 03:50:01 PM,41.866843668,-87.625816668,"(41.866843668, -87.625816668)"
5160212,HM584034,09/05/2006 10:33:43 PM,006XX N LAVERGNE AVE,2024,NARCOTICS,POSS: HEROIN(WHITE),STREET,true,false,1532,15,37,25,18,1142906,1903942,2006,02/10/2018 03:50:01 PM,41.8924625,-87.750618564,"(41.8924625, -87.750618564)"
4955416,HM567647,08/28/2006 05:00:00 PM,074XX S STONY ISLAND AVE,1310,CRIMINAL DAMAGE,TO PROPERTY,RESTAURANT,false,false,324,3,5,43,14,1188106,1855819,2006,02/10/2018 03:50:01 PM,41.75944789,-87.586156305,"(41.75944789, -87.586156305)"
4967653,HM577874,08/26/2006 11:00:00 PM,009XX W LELAND AVE,1365,CRIMINAL TRESPASS,TO RESIDENCE,APARTMENT,false,false,2312,19,46,3,26,1169129,1931407,2006,02/28/2018 03:56:25 PM,41.967298725,-87.653512545,"(41.967298725, -87.653512545)"
4927639,HM542437,08/15/2006 07:30:00 PM,046XX N CENTRAL PARK AVE,0460,BATTERY,SIMPLE,SIDEWALK,false,false,1723,17,33,14,08B,1151552,1930564,2006,02/10/2018 03:50:01 PM,41.96534999,-87.718163609,"(41.96534999, -87.718163609)"
5091479,HM533835,08/11/2006 02:10:00 PM,048XX W MONROE ST,2095,NARCOTICS,ATTEMPT POSSESSION NARCOTICS,SIDEWALK,true,false,1533,15,28,25,18,1144208,1899225,2006,02/28/2018 03:56:25 PM,41.879494129,-87.745955373,"(41.879494129, -87.745955373)"
4908992,HM525289,08/01/2006 08:00:00 AM,017XX N KEDZIE AVE,0620,BURGLARY,UNLAWFUL ENTRY,OTHER,false,false,1421,14,26,23,05,1154771,1911609,2006,02/28/2018 03:56:25 PM,41.913272058,-87.706837355,"(41.913272058, -87.706837355)"
4877242,HM489374,07/21/2006 12:30:00 AM,008XX N WINCHESTER AVE,0610,BURGLARY,FORCIBLE ENTRY,RESIDENCE PORCH/HALLWAY,false,false,1322,12,32,24,05,1163247,1905771,2006,02/28/2018 03:56:25 PM,41.897078045,-87.675862758,"(41.897078045, -87.675862758)"
5032886,HM482555,07/18/2006 03:34:52 AM,071XX S HALSTED ST,2027,NARCOTICS,POSS: CRACK,STREET,true,false,733,7,6,68,18,1172204,1857448,2006,02/28/2018 03:56:25 PM,41.7642823,-87.644388581,"(41.7642823, -87.644388581)"
5717464,HN526671,07/14/2006 12:00:00 AM,076XX S CREGIER AVE,0840,THEFT,FINANCIAL ID THEFT: OVER $300,RESIDENCE,false,false,414,4,8,43,06,1189528,1854700,2006,02/28/2018 03:56:25 PM,41.756343246,-87.58098066,"(41.756343246, -87.58098066)"
4832044,HM443941,06/28/2006 11:00:00 AM,007XX W 116TH PL,0890,THEFT,FROM BUILDING,RESIDENCE,false,false,524,5,34,53,06,1173621,1827817,2006,02/28/2018 03:56:25 PM,41.682939447,-87.640069555,"(41.682939447, -87.640069555)"
4974089,HM430395,06/22/2006 01:54:00 PM,067XX S EVANS AVE,2024,NARCOTICS,POSS: HEROIN(WHITE),SIDEWALK,true,false,321,3,6,42,18,1182374,1860586,2006,02/28/2018 03:56:25 PM,41.77266371,-87.607016167,"(41.77266371, -87.607016167)"
4772809,HM386016,05/31/2006 10:56:00 PM,092XX S WALLACE ST,1310,CRIMINAL DAMAGE,TO PROPERTY,RESIDENCE,false,false,2223,22,21,73,14,1173925,1843630,2006,02/28/2018 03:56:25 PM,41.726325939,-87.638489675,"(41.726325939, -87.638489675)"
4746069,HM352806,05/14/2006 11:30:00 PM,035XX S RHODES AVE,051A,ASSAULT,AGGRAVATED: HANDGUN,APARTMENT,false,true,212,2,4,35,04A,1180172,1881335,2006,02/28/2018 03:56:25 PM,41.829651528,-87.614451899,"(41.829651528, -87.614451899)"
4788803,HM310074,04/24/2006 03:22:41 PM,010XX E 93RD ST,1811,NARCOTICS,POSS: CANNABIS 30GMS OR LESS,SIDEWALK,true,false,413,4,8,47,18,1184669,1843523,2006,02/10/2018 03:50:01 PM,41.725787593,-87.599137143,"(41.725787593, -87.599137143)"
4662395,HM258745,03/28/2006 11:30:00 PM,010XX W ARGYLE ST,0495,BATTERY,AGGRAVATED OF A SENIOR CITIZEN,STREET,true,false,2024,20,46,3,04B,1168572,1933591,2006,02/28/2018 03:56:25 PM,41.973303796,-87.655497022,"(41.973303796, -87.655497022)"
4646630,HM245651,03/21/2006 08:00:00 PM,042XX W HIRSCH ST,0910,MOTOR VEHICLE THEFT,AUTOMOBILE,STREET,false,false,2534,25,37,23,07,1147891,1908985,2006,02/28/2018 03:56:25 PM,41.906206662,-87.73218074,"(41.906206662, -87.73218074)"
4670976,HM238483,03/17/2006 09:45:00 PM,080XX S HOUSTON AVE,2027,NARCOTICS,POSS: CRACK,SIDEWALK,true,false,422,4,7,46,18,1197892,1852032,2006,02/28/2018 03:56:25 PM,41.74881726,-87.55041792,"(41.74881726, -87.55041792)"
4623439,HM220824,03/08/2006 04:25:00 PM,122XX S PRINCETON AVE,2820,OTHER OFFENSE,TELEPHONE THREAT,RESIDENCE,false,false,523,5,34,53,08A,1176489,1823815,2006,09/23/2025 03:41:47 PM,41.671893527,-87.629690555,"(41.671893527, -87.629690555)"
4623172,HM220170,03/08/2006 08:47:00 AM,001XX N CLARK ST,2825,OTHER OFFENSE,HARASSMENT BY TELEPHONE,OTHER,false,false,113,1,42,32,26,1175523,1901017,2006,02/10/2018 03:50:01 PM,41.883765812,-87.63091811,"(41.883765812, -87.63091811)"
4621375,HM216807,03/06/2006 01:00:00 AM,086XX S PRAIRIE AVE,0910,MOTOR VEHICLE THEFT,AUTOMOBILE,STREET,false,false,632,6,6,44,07,1179541,1847812,2006,02/28/2018 03:56:25 PM,41.73767562,-87.617790539,"(41.73767562, -87.617790539)"
4622050,HM207037,03/01/2006 08:36:55 AM,019XX W HOOD AVE,1310,CRIMINAL DAMAGE,TO PROPERTY,APARTMENT,false,false,2413,24,40,2,14,1162105,1940756,2006,02/10/2018 03:50:01 PM,41.99310277,-87.679076358,"(41.99310277, -87.679076358)"
4607532,HM202913,02/26/2006 10:04:00 PM,020XX W FERDINAND ST,0820,THEFT,$500 AND UNDER,OTHER,false,false,1313,12,26,24,06,1162777,1903333,2006,02/10/2018 03:50:01 PM,41.89039785,-87.677657425,"(41.89039785, -87.677657425)"
4618506,HM213868,02/23/2006 12:00:00 PM,021XX N MULLIGAN AVE,1152,DECEPTIVE PRACTICE,ILLEGAL USE CASH CARD,RESIDENCE,false,false,2512,25,29,19,11,1133730,1913643,2006,02/28/2018 03:56:25 PM,41.919249338,-87.784090688,"(41.919249338, -87.784090688)"
4589110,HM181779,02/14/2006 08:00:00 PM,026XX S KEELER AVE,0810,THEFT,OVER $500,RESIDENTIAL YARD (FRONT/BACK),false,false,1031,10,22,30,06,1148811,1886154,2006,02/28/2018 03:56:25 PM,41.843538021,-87.72939132,"(41.843538021, -87.72939132)"
4582528,HM172412,02/09/2006 05:21:25 PM,040XX W POLK ST,0460,BATTERY,SIMPLE,SIDEWALK,false,false,1132,11,24,26,08B,1149594,1896140,2006,02/28/2018 03:56:25 PM,41.870925683,-87.726258744,"(41.870925683, -87.726258744)"
4568216,HM152672,01/30/2006 02:15:00 AM,074XX S EGGLESTON AVE,0486,BATTERY,DOMESTIC BATTERY SIMPLE,RESIDENCE,false,true,732,7,17,69,08B,1174582,1855595,2006,02/10/2018 03:50:01 PM,41.759144852,-87.635727727,"(41.759144852, -87.635727727)"
4562713,HM151901,01/29/2006 04:22:03 PM,028XX W 65TH ST,051A,ASSAULT,AGGRAVATED: HANDGUN,SIDEWALK,false,false,823,8,15,66,04A,1158366,1861409,2006,02/28/2018 03:56:25 PM,41.775444819,-87.695000818,"(41.775444819, -87.695000818)"
4639662,HM137886,01/21/2006 11:11:07 PM,120XX S MICHIGAN AVE,1811,NARCOTICS,POSS: CANNABIS 30GMS OR LESS,STREET,true,false,532,5,9,53,18,1179001,1825334,2006,02/10/2018 03:50:01 PM,41.676005238,-87.620450694,"(41.676005238, -87.620450694)"
4547714,HM136551,01/20/2006 11:00:00 PM,031XX W CERMAK RD,1310,CRIMINAL DAMAGE,TO PROPERTY,RESTAURANT,false,false,1033,10,24,30,14,1155794,1889210,2006,02/28/2018 03:56:25 PM,41.85178643,-87.703682812,"(41.85178643, -87.703682812)"
4509579,HL816576,12/29/2005 03:30:00 PM,008XX W 18TH ST,0820,THEFT,$500 AND UNDER,STREET,false,false,1233,12,25,31,06,1171152,1891622,2005,02/28/2018 03:56:25 PM,41.858082299,-87.647244432,"(41.858082299, -87.647244432)"
4500877,HL803932,12/22/2005 01:36:00 PM,019XX S PAULINA ST,0470,PUBLIC PEACE VIOLATION,RECKLESS CONDUCT,SIDEWALK,true,false,1223,12,25,31,24,1165343,1890710,2005,02/28/2018 03:56:25 PM,41.855705085,-87.6685929,"(41.855705085, -87.6685929)"
4485066,HL785411,12/12/2005 04:10:52 PM,031XX W SUNNYSIDE AVE,1330,CRIMINAL TRESPASS,TO LAND,RESIDENCE PORCH/HALLWAY,true,false,1724,17,33,14,26,1154445,1929736,2005,02/10/2018 03:50:01 PM,41.963020418,-87.707548886,"(41.963020418, -87.707548886)"
4483745,HL784803,12/11/2005 09:30:00 PM,017XX N WELLS ST,0560,ASSAULT,SIMPLE,RESIDENCE,false,false,1814,18,43,7,08A,1174373,1912149,2005,02/28/2018 03:56:25 PM,41.914338356,-87.634808141,"(41.914338356, -87.634808141)"
4467952,HL766047,12/01/2005 12:00:00 PM,009XX W MONTROSE AVE,0890,THEFT,FROM BUILDING,ATHLETIC CLUB,false,false,2313,19,46,3,06,1169235,1929404,2005,02/28/2018 03:56:25 PM,41.961800121,-87.65318126,"(41.961800121, -87.65318126)"
4471501,HL763663,11/30/2005 01:00:00 PM,013XX E 70TH ST,1330,CRIMINAL TRESPASS,TO LAND,TAVERN/LIQUOR STORE,true,false,321,3,5,43,26,1186525,1858858,2005,02/28/2018 03:56:25 PM,41.76782472,-87.59185454,"(41.76782472, -87.59185454)"
4442193,HL738119,11/16/2005 03:50:00 AM,073XX S CLYDE AVE,0486,BATTERY,DOMESTIC BATTERY SIMPLE,RESIDENCE,true,true,333,3,5,43,08B,1191494,1856642,2005,02/28/2018 03:56:25 PM,41.761624848,-87.573712949,"(41.761624848, -87.573712949)"
4438761,HL733906,11/13/2005 07:00:00 AM,046XX W 59TH ST,1320,CRIMINAL DAMAGE,TO VEHICLE,PARKING LOT/GARAGE(NON.RESID.),false,false,813,8,13,65,14,1146477,1865015,2005,02/28/2018 03:56:25 PM,41.785574176,-87.738493688,"(41.785574176, -87.738493688)"
4429039,HL724766,11/09/2005 01:00:00 AM,060XX W DAKIN ST,0610,BURGLARY,FORCIBLE ENTRY,RESIDENCE-GARAGE,false,false,1633,16,38,17,05,1135364,1925623,2005,02/28/2018 03:56:25 PM,41.952094901,-87.777801838,"(41.952094901, -87.777801838)"
4459177,HL756976,11/05/2005 05:00:00 AM,0000X S MAYFIELD AVE,0890,THEFT,FROM BUILDING,RESIDENCE,false,true,1513,15,29,25,06,1137284,1899240,2005,02/28/2018 03:56:25 PM,41.879662513,-87.771379261,"(41.879662513, -87.771379261)"
4419498,HL711075,11/02/2005 12:30:00 AM,070XX S DANTE AVE,1320,CRIMINAL DAMAGE,TO VEHICLE,STREET,false,false,332,3,5,43,14,1187180,1858442,2005,02/28/2018 03:56:25 PM,41.766667659,-87.589466891,"(41.766667659, -87.589466891)"
4483993,HL706280,10/31/2005 10:49:11 AM,038XX W DIVISION ST,2024,NARCOTICS,POSS: HEROIN(WHITE),STREET,true,false,2535,25,27,23,18,1150602,1907728,2005,02/28/2018 03:56:25 PM,41.902704765,-87.722255029,"(41.902704765, -87.722255029)"
4412178,HL705505,10/30/2005 09:28:00 PM,033XX N PULASKI RD,1025,ARSON,AGGRAVATED,RESIDENCE,true,false,1732,17,30,21,09,1149138,1921927,2005,02/28/2018 03:56:25 PM,41.941696617,-87.727263986,"(41.941696617, -87.727263986)"
4416824,HL703439,10/29/2005 07:35:00 PM,025XX S RIDGEWAY AVE,0486,BATTERY,DOMESTIC BATTERY SIMPLE,RESIDENCE,true,true,1013,10,22,30,08B,1151776,1886943,2005,09/07/2021 03:41:02 PM,41.845645405,-87.718489584,"(41.845645405, -87.718489584)"
4405812,HL700320,10/28/2005 08:45:00 AM,038XX S WASHTENAW AVE,0560,ASSAULT,SIMPLE,"SCHOOL, PUBLIC, BUILDING",false,false,913,9,12,58,08A,1159000,1879123,2005,02/28/2018 03:56:25 PM,41.824041442,-87.692192271,"(41.824041442, -87.692192271)"
4380802,HL676094,10/16/2005 04:28:00 AM,037XX N HALSTED ST,3710,INTERFERENCE WITH PUBLIC OFFICER,RESIST/OBSTRUCT/DISARM OFFICER,RESTAURANT,true,false,2324,19,46,6,24,1170237,1925336,2005,02/28/2018 03:56:25 PM,41.950615509,-87.649616689,"(41.950615509, -87.649616689)"
4295889,HL598382,09/08/2005 01:55:14 AM,052XX S WOLCOTT AVE,1330,CRIMINAL TRESPASS,TO LAND,OTHER,true,false,932,9,16,61,26,1164572,1869967,2005,02/28/2018 03:56:25 PM,41.798800401,-87.672008918,"(41.798800401, -87.672008918)"
4283750,HL595478,09/06/2005 05:26:58 PM,060XX S COTTAGE GROVE AVE,0460,BATTERY,SIMPLE,SIDEWALK,false,false,313,3,20,42,08B,1182602,1865237,2005,02/28/2018 03:56:25 PM,41.785421199,-87.606036193,"(41.785421199, -87.606036193)"
4275570,HL592080,09/04/2005 11:05:00 PM,105XX S OGLESBY AVE,0320,ROBBERY,STRONGARM - NO WEAPON,STREET,false,false,434,4,10,51,03,1193857,1835747,2005,02/10/2018 03:50:01 PM,41.704229513,-87.56573547,"(41.704229513, -87.56573547)"
4217038,HL542755,08/11/2005 02:35:00 PM,055XX N CAMPBELL AVE,0320,ROBBERY,STRONGARM - NO WEAPON,SIDEWALK,false,false,2011,20,40,4,03,1158670,1936649,2005,02/28/2018 03:56:25 PM,41.981904308,-87.691824725,"(41.981904308, -87.691824725)"
4215575,HL542382,08/07/2005 10:30:00 PM,022XX N AUSTIN AVE,0610,BURGLARY,FORCIBLE ENTRY,RESIDENCE-GARAGE,false,false,2515,25,37,19,05,1136029,1914375,2005,02/28/2018 03:56:25 PM,41.921217316,-87.775626237,"(41.921217316, -87.775626237)"
4199224,HL529260,08/05/2005 04:27:01 AM,071XX S EAST END AVE,0486,BATTERY,DOMESTIC BATTERY SIMPLE,STREET,false,true,324,3,8,43,08B,1188773,1857866,2005,02/28/2018 03:56:25 PM,41.765049113,-87.583646422,"(41.765049113, -87.583646422)"
4199298,HL529215,08/05/2005 01:43:00 AM,026XX W 63RD ST,0610,BURGLARY,FORCIBLE ENTRY,OTHER,true,false,825,8,15,66,05,1159993,1862783,2005,02/28/2018 03:56:25 PM,41.779181975,-87.68899864,"(41.779181975, -87.68899864)"
4192050,HL525199,08/03/2005 08:00:00 AM,080XX S WABASH AVE,1310,CRIMINAL DAMAGE,TO PROPERTY,RESIDENCE,false,false,623,6,6,44,14,1178105,1851755,2005,02/28/2018 03:56:25 PM,41.748528328,-87.622932368,"(41.748528328, -87.622932368)"
4192598,HL524549,08/02/2005 12:30:00 AM,039XX N TROY ST,0430,BATTERY,AGGRAVATED: OTHER DANG WEAPON,RESIDENCE-GARAGE,false,false,1733,17,33,16,04B,1154686,1926038,2005,02/10/2018 03:50:01 PM,41.952868036,-87.706762224,"(41.952868036, -87.706762224)"
4195500,HL527472,07/28/2005 10:00:00 PM,024XX W 55TH ST,1310,CRIMINAL DAMAGE,TO PROPERTY,PARK PROPERTY,false,false,824,8,16,63,14,1161104,1868138,2005,02/28/2018 03:56:25 PM,41.793853899,-87.684777493,"(41.793853899, -87.684777493)"
4183388,HL513844,07/28/2005 06:27:00 PM,070XX N ROCKWELL ST,1750,OFFENSE INVOLVING CHILDREN,CHILD ABUSE,APARTMENT,false,true,2411,24,50,2,08B,1157742,1946497,2005,09/23/2025 03:41:47 PM,42.008946634,-87.694967659,"(42.008946634, -87.694967659)"
4201829,HL509459,07/26/2005 04:30:00 PM,027XX W JACKSON BLVD,0460,BATTERY,SIMPLE,SIDEWALK,false,false,1125,11,2,27,08B,1158157,1898580,2005,02/28/2018 03:56:25 PM,41.877450797,-87.694754151,"(41.877450797, -87.694754151)"
4174580,HL503189,07/23/2005 04:00:00 PM,029XX W HARRISON ST,0810,THEFT,OVER $500,CHA PARKING LOT/GROUNDS,false,false,1135,11,2,27,06,1156862,1897226,2005,02/10/2018 03:50:01 PM,41.873761627,-87.699545765,"(41.873761627, -87.699545765)"
4131291,HL467544,07/06/2005 05:00:00 PM,025XX W 114TH ST,0820,THEFT,$500 AND UNDER,VEHICLE NON-COMMERCIAL,false,false,2212,22,19,75,06,1161679,1828957,2005,02/28/2018 03:56:25 PM,41.686323203,-87.683753477,"(41.686323203, -87.683753477)"
4117929,HL453403,06/29/2005 07:00:00 PM,027XX N MOZART ST,0810,THEFT,OVER $500,STREET,false,false,1411,14,35,22,06,1156906,1918106,2005,02/28/2018 03:56:25 PM,41.931057265,-87.698817192,"(41.931057265, -87.698817192)"
4114888,HL452382,06/29/2005 06:31:29 PM,043XX N LINCOLN AVE,1563,SEX OFFENSE,CRIMINAL SEXUAL ABUSE,STREET,false,false,1912,19,47,5,17,1161207,1928613,2005,02/28/2018 03:56:25 PM,41.959800643,-87.682718777,"(41.959800643, -87.682718777)"
4104499,HL442567,06/25/2005 01:41:13 AM,084XX S HERMITAGE AVE,1220,DECEPTIVE PRACTICE,THEFT OF LOST/MISLAID PROP,ALLEY,true,false,614,6,18,71,11,1166148,1848715,2005,02/28/2018 03:56:25 PM,41.740448678,-87.666833317,"(41.740448678, -87.666833317)"
4110866,HL440478,06/24/2005 05:25:00 AM,010XX S ASHLAND AVE,1320,CRIMINAL DAMAGE,TO VEHICLE,VEHICLE-COMMERCIAL,false,false,1231,12,2,28,14,1165888,1895583,2005,02/28/2018 03:56:25 PM,41.869065431,-87.666453556,"(41.869065431, -87.666453556)"
4080647,HL425768,06/11/2005 10:00:00 AM,026XX E 74TH ST,0610,BURGLARY,FORCIBLE ENTRY,APARTMENT,false,false,334,3,7,43,05,1194963,1856539,2005,02/28/2018 03:56:25 PM,41.761257444,-87.561002367,"(41.761257444, -87.561002367)"
4138451,HL371039,05/22/2005 12:43:11 AM,057XX W WABANSIA AVE,2220,LIQUOR LAW VIOLATION,ILLEGAL POSSESSION BY MINOR,SIDEWALK,true,false,2531,25,29,25,22,1138052,1910727,2005,02/28/2018 03:56:25 PM,41.911170442,-87.768281446,"(41.911170442, -87.768281446)"
4002967,HL362777,05/17/2005 10:56:34 PM,053XX W WASHINGTON BLVD,051A,ASSAULT,AGGRAVATED: HANDGUN,STREET,false,false,1523,15,28,25,04A,1140952,1900238,2005,02/28/2018 03:56:25 PM,41.882334457,-87.757886124,"(41.882334457, -87.757886124)"
3988876,HL351069,05/12/2005 05:30:00 AM,006XX S INDEPENDENCE BLVD,033A,ROBBERY,ATTEMPT: ARMED-HANDGUN,GAS STATION,false,false,1133,11,24,27,03,1151362,1897011,2005,02/28/2018 03:56:25 PM,41.87328131,-87.71974488,"(41.87328131, -87.71974488)"
3991337,HL350638,05/11/2005 10:00:00 AM,087XX S HOUSTON AVE,2825,OTHER OFFENSE,HARASSMENT BY TELEPHONE,APARTMENT,false,false,424,4,10,46,26,1198039,1847583,2005,02/28/2018 03:56:25 PM,41.7366052,-87.550027666,"(41.7366052, -87.550027666)"
4282058,HL597334,05/05/2005 12:00:00 PM,008XX N MASSASOIT AVE,0810,THEFT,OVER $500,APARTMENT,false,false,1511,15,29,25,06,1137874,1905062,2005,02/28/2018 03:56:25 PM,41.89562821,-87.769072259,"(41.89562821, -87.769072259)"
3925387,HL291353,04/12/2005 08:35:00 PM,070XX S STONY ISLAND AVE,0560,ASSAULT,SIMPLE,SIDEWALK,true,true,332,3,5,43,08A,1188135,1858735,2005,02/28/2018 03:56:25 PM,41.767448959,-87.585957168,"(41.767448959, -87.585957168)"
3917342,HL287660,04/11/2005 05:40:00 AM,001XX E WACKER DR,1350,CRIMINAL TRESPASS,TO STATE SUP LAND,HOTEL/MOTEL,true,false,124,1,42,32,26,1177683,1902638,2005,02/28/2018 03:56:25 PM,41.888165132,-87.622937212,"(41.888165132, -87.622937212)"
3914821,HL285555,04/09/2005 09:30:00 PM,057XX S PAULINA ST,0486,BATTERY,DOMESTIC BATTERY SIMPLE,APARTMENT,true,true,715,7,15,67,08B,1165992,1866594,2005,02/28/2018 03:56:25 PM,41.789514384,-87.66689735,"(41.789514384, -87.66689735)"
3945203,HL257144,03/26/2005 07:24:42 PM,063XX S HALSTED ST,1811,NARCOTICS,POSS: CANNABIS 30GMS OR LESS,CTA PLATFORM,true,false,723,7,20,68,18,1172056,1862850,2005,02/28/2018 03:56:25 PM,41.779109284,-87.644772518,"(41.779109284, -87.644772518)"
3862128,HL235009,03/15/2005 12:01:00 AM,061XX W BARRY AVE,1310,CRIMINAL DAMAGE,TO PROPERTY,RESIDENCE-GARAGE,false,false,2511,25,36,19,14,1135023,1919967,2005,02/28/2018 03:56:25 PM,41.936580294,-87.779189794,"(41.936580294, -87.779189794)"
3844238,HL216421,03/04/2005 04:00:00 AM,025XX W 112TH ST,1320,CRIMINAL DAMAGE,TO VEHICLE,STREET,false,false,2212,22,19,75,14,1161333,1830211,2005,02/28/2018 03:56:25 PM,41.689771559,-87.684985578,"(41.689771559, -87.684985578)"
3838862,HL210788,03/02/2005 11:15:00 AM,123XX S NORMAL AVE,0484,BATTERY,PRO EMP HANDS NO/MIN INJURY,"SCHOOL, PUBLIC, GROUNDS",true,false,523,5,34,53,08B,1175201,1823045,2005,02/28/2018 03:56:25 PM,41.669809286,-87.634427475,"(41.669809286, -87.634427475)"
3835144,HL207162,02/28/2005 03:49:00 PM,013XX N BOSWORTH AVE,1811,NARCOTICS,POSS: CANNABIS 30GMS OR LESS,STREET,true,false,1433,14,1,24,18,1165842,1909021,2005,02/28/2018 03:56:25 PM,41.905941305,-87.666238908,"(41.905941305, -87.666238908)"
3841306,HL208950,02/08/2005 05:00:00 PM,115XX S CHURCH ST,0610,BURGLARY,FORCIBLE ENTRY,CONSTRUCTION SITE,false,false,2212,22,34,75,05,1165503,1827922,2005,02/10/2018 03:50:01 PM,41.683403004,-87.669783626,"(41.683403004, -87.669783626)"
3785934,HL155560,02/01/2005 01:00:00 AM,012XX W 73RD PL,0910,MOTOR VEHICLE THEFT,AUTOMOBILE,STREET,false,false,734,7,17,67,07,1169112,1856038,2005,02/28/2018 03:56:25 PM,41.760480477,-87.655762234,"(41.760480477, -87.655762234)"
3699228,HK802087,12/10/2004 12:00:00 AM,005XX S STATE ST,0890,THEFT,FROM BUILDING,COLLEGE/UNIVERSITY RESIDENCE HALL,false,false,132,1,2,32,06,1176447,1897915,2004,02/28/2018 03:56:25 PM,41.875232942,-87.6276188,"(41.875232942, -87.6276188)"
3758256,HK751941,11/15/2004 12:43:56 PM,022XX S DAMEN AVE,2093,NARCOTICS,FOUND SUSPECT NARCOTICS,POLICE FACILITY/VEH PARKING LOT,true,false,1034,10,25,31,18,1163393,1888928,2004,09/23/2025 03:41:47 PM,41.850856306,-87.675800419,"(41.850856306, -87.675800419)"
3651748,HK749447,11/13/2004 07:30:00 PM,076XX S CICERO AVE,0910,MOTOR VEHICLE THEFT,AUTOMOBILE,OTHER,true,false,833,8,13,65,07,1145727,1853720,2004,02/28/2018 03:56:25 PM,41.754592961,-87.741528537,"(41.754592961, -87.741528537)"
3643026,HK735592,11/06/2004 09:00:00 PM,011XX N LAWNDALE AVE,0486,BATTERY,DOMESTIC BATTERY SIMPLE,APARTMENT,false,true,1112,11,27,23,08B,1151501,1907375,2004,02/28/2018 03:56:25 PM,41.901718478,-87.718962106,"(41.901718478, -87.718962106)"
3635573,HK708349,10/24/2004 03:00:00 AM,035XX S RHODES AVE,0486,BATTERY,DOMESTIC BATTERY SIMPLE,APARTMENT,true,true,212,2,4,35,08B,1180172,1881335,2004,09/07/2021 03:41:02 PM,41.829651528,-87.614451899,"(41.829651528, -87.614451899)"
3610406,HK702940,10/22/2004 07:20:00 AM,023XX S WABASH AVE,0820,THEFT,$500 AND UNDER,PARKING LOT/GARAGE(NON.RESID.),false,false,134,1,2,33,06,1177116,1888799,2004,02/28/2018 03:56:25 PM,41.850202933,-87.625438506,"(41.850202933, -87.625438506)"
3603686,HK695799,10/19/2004 09:30:00 AM,066XX S SEELEY AVE,1365,CRIMINAL TRESPASS,TO RESIDENCE,RESIDENCE,false,false,726,7,15,67,26,1163840,1860585,2004,02/28/2018 03:56:25 PM,41.773070402,-87.674956785,"(41.773070402, -87.674956785)"
3606088,HK695232,10/18/2004 07:00:00 AM,048XX W GRACE ST,1320,CRIMINAL DAMAGE,TO VEHICLE,STREET,false,false,1634,16,45,15,14,1143385,1924824,2004,02/28/2018 03:56:25 PM,41.949755918,-87.748336203,"(41.949755918, -87.748336203)"
3591562,HK683958,10/10/2004 12:00:00 PM,035XX W 71ST PL,0840,THEFT,FINANCIAL ID THEFT: OVER $300,RESIDENCE,false,false,831,8,18,66,06,1153931,1856967,2004,02/28/2018 03:56:25 PM,41.763344459,-87.71137694,"(41.763344459, -87.71137694)"
3583516,HK672782,10/07/2004 12:00:00 PM,055XX W HENDERSON ST,0610,BURGLARY,FORCIBLE ENTRY,RESIDENCE,false,false,1633,16,38,15,05,1138918,1921726,2004,02/10/2018 03:50:01 PM,41.94133719,-87.764832107,"(41.94133719, -87.764832107)"
3616696,HK644896,09/24/2004 01:00:00 PM,078XX S WOOD ST,1811,NARCOTICS,POSS: CANNABIS 30GMS OR LESS,STREET,true,false,611,6,17,71,18,1165711,1852716,2004,02/10/2018 03:50:01 PM,41.751437278,-87.66832115,"(41.751437278, -87.66832115)"
3557744,HK640931,09/16/2004 02:30:00 PM,045XX W 55TH ST,0840,THEFT,FINANCIAL ID THEFT: OVER $300,RESIDENCE,false,false,815,8,23,62,06,1147150,1867759,2004,02/28/2018 03:56:25 PM,41.793091348,-87.735956215,"(41.793091348, -87.735956215)"
3526627,HK604948,09/05/2004 10:06:49 PM,056XX W 63RD PL,1310,CRIMINAL DAMAGE,TO PROPERTY,APARTMENT,false,false,812,8,13,64,14,1139834,1861893,2004,02/28/2018 03:56:25 PM,41.777130389,-87.762926398,"(41.777130389, -87.762926398)"
3513049,HK586341,08/28/2004 12:55:00 AM,003XX E KENSINGTON AVE,0430,BATTERY,AGGRAVATED: OTHER DANG WEAPON,STREET,true,false,532,5,9,53,04B,1180413,1828251,2004,02/28/2018 03:56:25 PM,41.683977738,-87.61519349,"(41.683977738, -87.61519349)"
3509168,HK586144,08/27/2004 04:30:00 PM,0000X E GRAND AVE,0890,THEFT,FROM BUILDING,HOTEL/MOTEL,false,false,1834,18,42,8,06,1176416,1903908,2004,02/10/2018 03:50:01 PM,41.891678767,-87.627551654,"(41.891678767, -87.627551654)"
3509661,HK583589,08/25/2004 09:00:00 PM,050XX N LAWNDALE AVE,0820,THEFT,$500 AND UNDER,OTHER,false,false,1712,17,39,14,06,1150814,1933135,2004,02/28/2018 03:56:25 PM,41.972419492,-87.720809503,"(41.972419492, -87.720809503)"
3529309,HK567697,08/18/2004 11:35:00 AM,006XX S SACRAMENTO BLVD,1822,NARCOTICS,MANU/DEL:CANNABIS OVER 10 GMS,SIDEWALK,true,false,1135,11,2,27,18,1156465,1897134,2004,02/28/2018 03:56:25 PM,41.873517205,-87.701005851,"(41.873517205, -87.701005851)"
3490691,HK563061,08/16/2004 06:30:00 AM,018XX N HUMBOLDT BLVD,0313,ROBBERY,ARMED: OTHER DANGEROUS WEAPON,STREET,false,false,1421,14,35,22,03,1156084,1912087,2004,02/28/2018 03:56:25 PM,41.91455731,-87.702000734,"(41.91455731, -87.702000734)"
3480344,HK552575,08/12/2004 12:00:00 AM,016XX S KEDZIE AVE,0920,MOTOR VEHICLE THEFT,ATT: AUTOMOBILE,STREET,false,false,1022,10,24,29,07,1155294,1891762,2004,02/10/2018 03:50:01 PM,41.858799452,-87.705449458,"(41.858799452, -87.705449458)"
3517521,HK542361,08/07/2004 09:15:00 AM,043XX W VAN BUREN ST,1811,NARCOTICS,POSS: CANNABIS 30GMS OR LESS,SIDEWALK,true,false,1131,11,24,26,18,1147625,1897672,2004,02/28/2018 03:56:25 PM,41.875167658,-87.733448402,"(41.875167658, -87.733448402)"
3452175,HK518931,07/27/2004 02:45:00 PM,037XX W ADDISON ST,0486,BATTERY,DOMESTIC BATTERY SIMPLE,GAS STATION,true,true,1732,17,30,16,08B,1150919,1923677,2004,02/10/2018 03:50:01 PM,41.946464013,-87.720672053,"(41.946464013, -87.720672053)"
3459919,HK520808,07/25/2004 02:00:00 AM,126XX S EXCHANGE AVE,0560,ASSAULT,SIMPLE,RESIDENCE,false,true,433,4,10,51,08A,1197714,1821771,2004,02/28/2018 03:56:25 PM,41.665782714,-87.552076179,"(41.665782714, -87.552076179)"
3447087,HK002988,07/24/2004 01:15:00 AM,004XX W 79TH ST,1310,CRIMINAL DAMAGE,TO PROPERTY,BARBERSHOP,false,false,621,6,17,69,14,1174827,1852546,2004,02/10/2018 03:50:01 PM,41.75077257,-87.634920531,"(41.75077257, -87.634920531)"
3439367,HK505559,07/19/2004 09:45:00 AM,056XX N KIMBALL AVE,0820,THEFT,$500 AND UNDER,GROCERY FOOD STORE,false,false,1711,17,39,13,06,1152698,1937206,2004,02/10/2018 03:50:01 PM,41.983553381,-87.713773382,"(41.983553381, -87.713773382)"
3432258,HK498602,07/15/2004 11:33:40 PM,088XX S HARPER AVE,0917,MOTOR VEHICLE THEFT,"CYCLE, SCOOTER, BIKE W-VIN",STREET,false,false,412,4,8,48,07,1187993,1846689,2004,02/28/2018 03:56:25 PM,41.734396984,-87.586860725,"(41.734396984, -87.586860725)"
3453681,HK492610,07/13/2004 11:43:00 AM,037XX S INDIANA AVE,0560,ASSAULT,SIMPLE,OTHER,false,false,211,2,3,35,08A,1178214,1880299,2004,02/28/2018 03:56:25 PM,41.826853399,-87.621667187,"(41.826853399, -87.621667187)"
3429801,HK495312,07/07/2004 01:00:00 PM,060XX N OAKLEY AVE,2830,OTHER OFFENSE,OBSCENE TELEPHONE CALLS,RESIDENCE,false,false,2413,24,40,2,17,1159893,1940099,2004,02/28/2018 03:56:25 PM,41.991346023,-87.687231146,"(41.991346023, -87.687231146)"
3414144,HK475931,07/05/2004 04:00:00 PM,075XX S STATE ST,0810,THEFT,OVER $500,GAS STATION,false,false,623,6,6,69,06,1177586,1854922,2004,02/28/2018 03:56:25 PM,41.757230688,-87.624738576,"(41.757230688, -87.624738576)"
3398022,HK453615,06/25/2004 05:00:00 AM,022XX W WASHINGTON BLVD,1350,CRIMINAL TRESPASS,TO STATE SUP LAND,CHA APARTMENT,true,false,1332,12,2,28,26,1161369,1900643,2004,02/28/2018 03:56:25 PM,41.883045668,-87.682903142,"(41.883045668, -87.682903142)"
3410280,HK453387,06/24/2004 11:06:50 PM,044XX S FEDERAL ST,0460,BATTERY,SIMPLE,CHA APARTMENT,false,false,221,2,3,38,08B,1176436,1875603,2004,02/28/2018 03:56:25 PM,41.814007401,-87.628331665,"(41.814007401, -87.628331665)"
3397908,HK447392,06/22/2004 10:35:00 AM,030XX S DR MARTIN LUTHER KING JR DR,0470,PUBLIC PEACE VIOLATION,RECKLESS CONDUCT,"SCHOOL, PUBLIC, BUILDING",false,false,2112,1,2,35,24,1179306,1885032,2004,02/10/2018 03:50:01 PM,41.839816207,-87.617516172,"(41.839816207, -87.617516172)"
3410787,HK470001,06/20/2004 07:00:00 PM,103XX S DRAKE AVE,0890,THEFT,FROM BUILDING,RESIDENCE,false,true,2211,22,19,74,06,1154481,1835810,2004,02/28/2018 03:56:25 PM,41.705275065,-87.709922739,"(41.705275065, -87.709922739)"
3381696,HK432800,06/14/2004 05:00:00 PM,003XX N CLINTON ST,0915,MOTOR VEHICLE THEFT,"TRUCK, BUS, MOTOR HOME",STREET,false,false,1212,12,42,28,07,1172672,1902327,2004,02/28/2018 03:56:25 PM,41.887424092,-87.641348355,"(41.887424092, -87.641348355)"
3379010,HK427297,06/13/2004 12:55:20 AM,050XX W ALTGELD ST,0560,ASSAULT,SIMPLE,APARTMENT,false,true,2521,25,31,19,08A,1142445,1916168,2004,02/28/2018 03:56:25 PM,41.926020572,-87.752007337,"(41.926020572, -87.752007337)"
3326684,HK366193,05/13/2004 11:00:00 AM,069XX N LAKEWOOD AVE,0486,BATTERY,DOMESTIC BATTERY SIMPLE,APARTMENT,false,true,2431,24,49,1,08B,1166245,1945902,2004,02/28/2018 03:56:25 PM,42.007135696,-87.663699921,"(42.007135696, -87.663699921)"
3329176,HK360624,05/13/2004 12:01:00 AM,045XX W MONTANA ST,1320,CRIMINAL DAMAGE,TO VEHICLE,STREET,false,false,2521,25,31,20,14,1145781,1915938,2004,02/28/2018 03:56:25 PM,41.925326714,-87.739754873,"(41.925326714, -87.739754873)"
3321539,HK360091,05/12/2004 07:10:00 PM,085XX S MORGAN ST,2820,OTHER OFFENSE,TELEPHONE THREAT,RESIDENCE,false,true,613,6,21,71,08A,1171138,1848213,2004,09/23/2025 03:41:47 PM,41.738963614,-87.648565127,"(41.738963614, -87.648565127)"
3326089,HK331311,04/28/2004 11:15:00 PM,056XX S HALSTED ST,1506,PROSTITUTION,SOLICIT ON PUBLIC WAY,STREET,true,false,712,7,20,68,16,1171929,1867557,2004,02/10/2018 03:50:01 PM,41.792028613,-87.645099984,"(41.792028613, -87.645099984)"
3284612,HK312977,04/20/2004 09:00:00 AM,024XX S MILLARD AVE,0910,MOTOR VEHICLE THEFT,AUTOMOBILE,STREET,false,false,1013,10,22,30,07,1152422,1887647,2004,02/10/2018 03:50:01 PM,41.847564552,-87.716100237,"(41.847564552, -87.716100237)"
3278273,HK306747,04/17/2004 04:40:00 AM,031XX S KEDZIE AVE,031A,ROBBERY,ARMED: HANDGUN,STREET,false,false,1032,10,22,30,03,1155527,1883726,2004,02/28/2018 03:56:25 PM,41.836743058,-87.704810078,"(41.836743058, -87.704810078)"
3265267,HK290287,04/08/2004 03:30:00 PM,007XX W GARFIELD BLVD,0486,BATTERY,DOMESTIC BATTERY SIMPLE,APARTMENT,false,true,711,7,3,68,08B,1172401,1868271,2004,02/28/2018 03:56:25 PM,41.793977524,-87.643348231,"(41.793977524, -87.643348231)"
3261844,HK287695,04/07/2004 11:10:00 AM,063XX S CLAREMONT AVE,0545,ASSAULT,PRO EMP HANDS NO/MIN INJURY,"SCHOOL, PUBLIC, BUILDING",false,false,825,8,15,66,08A,1161829,1862594,2004,02/10/2018 03:50:01 PM,41.778625385,-87.682272891,"(41.778625385, -87.682272891)"
3264745,HK271974,03/27/2004 06:00:00 PM,082XX S SCOTTSDALE AVE,0890,THEFT,FROM BUILDING,RESIDENCE,false,false,834,8,13,70,06,1147554,1849599,2004,02/28/2018 03:56:25 PM,41.743249518,-87.734938058,"(41.743249518, -87.734938058)"
3277249,HK250003,03/19/2004 06:00:00 PM,074XX S VERNON AVE,1811,NARCOTICS,POSS: CANNABIS 30GMS OR LESS,SIDEWALK,true,false,323,3,6,69,18,1180536,1855686,2004,02/10/2018 03:50:01 PM,41.75926,-87.613903946,"(41.75926, -87.613903946)"
3205792,HK218525,03/03/2004 07:30:00 PM,023XX E 70TH PL,1710,OFFENSE INVOLVING CHILDREN,ENDANGERING LIFE/HEALTH CHILD,APARTMENT,false,true,331,3,5,43,20,1192666,1858660,2004,09/23/2025 03:41:47 PM,41.767133915,-87.569351843,"(41.767133915, -87.569351843)"
3203513,HK211770,02/29/2004 07:00:00 AM,016XX S HARDING AVE,0820,THEFT,$500 AND UNDER,STREET,false,false,1014,10,24,29,06,1150324,1891590,2004,02/28/2018 03:56:25 PM,41.85842575,-87.723697257,"(41.85842575, -87.723697257)"
3178660,HK182035,02/13/2004 11:55:00 PM,020XX W BELLE PLAINE AVE,0560,ASSAULT,SIMPLE,SIDEWALK,true,false,1912,19,47,5,08A,1161845,1927217,2004,02/10/2018 03:50:01 PM,41.955956633,-87.680412306,"(41.955956633, -87.680412306)"
3167814,HK168522,02/06/2004 04:45:00 PM,032XX W FULLERTON AVE,0910,MOTOR VEHICLE THEFT,AUTOMOBILE,STREET,false,false,1413,14,35,22,07,1154234,1915771,2004,02/28/2018 03:56:25 PM,41.924703682,-87.708698816,"(41.924703682, -87.708698816)"
3247263,HK168269,02/06/2004 03:00:00 PM,005XX N LARAMIE AVE,2095,NARCOTICS,ATTEMPT POSSESSION NARCOTICS,STREET,true,false,1532,15,28,25,18,1141609,1902913,2004,02/28/2018 03:56:25 PM,41.889662872,-87.755407429,"(41.889662872, -87.755407429)"
3148319,HK141156,01/23/2004 10:25:00 AM,047XX S WESTERN AVE,0860,THEFT,RETAIL THEFT,DEPARTMENT STORE,false,false,911,9,12,58,06,1161164,1873304,2004,02/28/2018 03:56:25 PM,41.808028819,-87.684414463,"(41.808028819, -87.684414463)"
3142847,HK136572,01/20/2004 07:30:00 PM,077XX S SPAULDING AVE,0890,THEFT,FROM BUILDING,RESIDENCE,false,false,835,8,18,70,06,1155726,1853037,2004,02/28/2018 03:56:25 PM,41.752524111,-87.704903068,"(41.752524111, -87.704903068)"
3153950,HK135619,01/20/2004 09:50:00 AM,064XX S MAPLEWOOD AVE,4650,OTHER OFFENSE,SEX OFFENDER: FAIL TO REGISTER,RESIDENCE,false,false,825,8,15,66,26,1160483,1861810,2004,02/10/2018 03:50:01 PM,41.776501837,-87.687229042,"(41.776501837, -87.687229042)"
3126390,HK113628,01/08/2004 04:15:00 PM,058XX N MARKHAM AVE,0820,THEFT,$500 AND UNDER,RESIDENCE,false,false,1622,16,45,11,06,1135938,1938367,2004,02/10/2018 03:50:01 PM,41.987055388,-87.775386681,"(41.987055388, -87.775386681)"
3120209,HK105617,01/03/2004 08:30:00 PM,021XX S CENTRAL PARK AVE,0460,BATTERY,SIMPLE,ALLEY,false,false,1024,10,24,29,08B,1152703,1889434,2004,02/28/2018 03:56:25 PM,41.852462748,-87.715021733,"(41.852462748, -87.715021733)"
3107227,HJ840118,12/27/2003 12:00:00 AM,054XX W BERENICE AVE,0820,THEFT,$500 AND UNDER,RESIDENTIAL YARD (FRONT/BACK),false,false,1633,16,38,15,06,1139316,1925093,2003,02/28/2018 03:56:25 PM,41.950569317,-87.763286977,"(41.950569317, -87.763286977)"
3083077,HJ808005,12/09/2003 03:00:00 PM,069XX S CORNELL AVE,2820,OTHER OFFENSE,TELEPHONE THREAT,MOVIE HOUSE/THEATER,false,true,332,3,5,43,08A,1188549,1859338,2003,09/23/2025 03:41:47 PM,41.769093761,-87.584420458,"(41.769093761, -87.584420458)"
3072934,HJ794374,12/02/2003 08:00:00 AM,019XX N LOWELL AVE,0610,BURGLARY,FORCIBLE ENTRY,APARTMENT,false,false,2534,25,30,20,05,1147083,1912469,2003,02/28/2018 03:56:25 PM,41.915782611,-87.735059588,"(41.915782611, -87.735059588)"
3029536,HJ739932,11/04/2003 08:00:00 PM,049XX S KEDVALE AVE,1310,CRIMINAL DAMAGE,TO PROPERTY,RESIDENCE-GARAGE,false,false,815,8,14,57,14,1149531,1871509,2003,02/28/2018 03:56:25 PM,41.803336181,-87.727128248,"(41.803336181, -87.727128248)"
2991962,HJ693559,10/12/2003 05:00:00 PM,003XX W BRIAR PL,0820,THEFT,$500 AND UNDER,STREET,false,false,2332,19,44,6,06,1173264,1921046,2003,02/28/2018 03:56:25 PM,41.938776806,-87.63861757,"(41.938776806, -87.63861757)"
3004898,HJ687458,10/11/2003 07:00:00 PM,070XX S WOLCOTT AVE,0560,ASSAULT,SIMPLE,RESIDENCE,false,true,735,7,17,67,08A,1164901,1858074,2003,02/28/2018 03:56:25 PM,41.766157524,-87.671138281,"(41.766157524, -87.671138281)"
2991638,HJ685222,10/10/2003 08:30:00 PM,071XX S NORMAL BLVD,143A,WEAPONS VIOLATION,UNLAWFUL POSS OF HANDGUN,STREET,true,false,732,7,6,68,15,1174195,1857608,2003,02/10/2018 03:50:01 PM,41.764677368,-87.637086347,"(41.764677368, -87.637086347)"
2975072,HJ670712,10/04/2003 12:45:00 AM,111XX S PARNELL AVE,0486,BATTERY,DOMESTIC BATTERY SIMPLE,STREET,false,true,2233,22,34,49,08B,1174618,1831090,2003,02/28/2018 03:56:25 PM,41.691898992,-87.636322981,"(41.691898992, -87.636322981)"
3107231,HJ839948,09/28/2003 03:00:00 AM,109XX S TORRENCE AVE,0486,BATTERY,DOMESTIC BATTERY SIMPLE,STREET,true,true,434,4,10,51,08B,1195575,1833192,2003,02/28/2018 03:56:25 PM,41.697176142,-87.559528625,"(41.697176142, -87.559528625)"
2960560,HJ649444,09/23/2003 03:00:00 PM,069XX S BISHOP ST,0460,BATTERY,SIMPLE,SIDEWALK,false,false,734,7,17,67,08B,1167861,1858823,2003,02/28/2018 03:56:25 PM,41.768149831,-87.660267325,"(41.768149831, -87.660267325)"
3017029,HJ721503,09/22/2003 08:00:00 AM,019XX W TAYLOR ST,0820,THEFT,$500 AND UNDER,STREET,false,false,1224,12,2,28,06,1163640,1895594,2003,02/28/2018 03:56:25 PM,41.869143242,-87.674706198,"(41.869143242, -87.674706198)"
2942290,HJ629607,09/12/2003 03:00:00 PM,058XX W FULTON ST,0610,BURGLARY,FORCIBLE ENTRY,RESIDENCE,false,false,1512,15,29,25,05,1137499,1901419,2003,02/10/2018 03:50:01 PM,41.885638111,-87.770537329,"(41.885638111, -87.770537329)"
2963338,HJ614156,09/07/2003 08:00:00 PM,089XX S COMMERCIAL AVE,1811,NARCOTICS,POSS: CANNABIS 30GMS OR LESS,STREET,true,false,423,4,10,46,18,1197693,1846366,2003,02/28/2018 03:56:25 PM,41.73327429,-87.55133578,"(41.73327429, -87.55133578)"
2927759,HJ607667,09/04/2003 05:00:00 PM,132XX S ELLIS AVE,0430,BATTERY,AGGRAVATED: OTHER DANG WEAPON,CHA PARKING LOT/GROUNDS,false,false,533,5,9,54,04B,1185541,1817501,2003,02/28/2018 03:56:25 PM,41.654359403,-87.596758046,"(41.654359403, -87.596758046)"
2917840,HJ597999,08/30/2003 11:45:00 PM,013XX W JACKSON BLVD,1320,CRIMINAL DAMAGE,TO VEHICLE,STREET,false,false,1213,12,2,28,14,1167415,1898752,2003,02/28/2018 03:56:25 PM,41.87772873,-87.660756419,"(41.87772873, -87.660756419)"
2917821,HJ598434,08/30/2003 11:00:00 PM,056XX W GOODMAN ST,1320,CRIMINAL DAMAGE,TO VEHICLE,RESIDENTIAL YARD (FRONT/BACK),false,false,1622,16,45,11,14,1137982,1932733,2003,02/28/2018 03:56:25 PM,41.971558431,-87.768005448,"(41.971558431, -87.768005448)"
2878326,HJ545162,08/05/2003 03:00:00 PM,114XX S CALUMET AVE,0560,ASSAULT,SIMPLE,RESIDENCE PORCH/HALLWAY,false,false,531,5,9,49,08A,1180618,1829231,2003,02/28/2018 03:56:25 PM,41.686662306,-87.614413118,"(41.686662306, -87.614413118)"
2880106,HJ539850,08/04/2003 02:26:46 PM,001XX N DEARBORN ST,0560,ASSAULT,SIMPLE,STREET,true,false,122,1,42,32,08A,1175930,1900878,2003,02/10/2018 03:50:01 PM,41.883375237,-87.629427772,"(41.883375237, -87.629427772)"
2861356,HJ514456,07/23/2003 09:15:00 PM,002XX W ROOT ST,2027,NARCOTICS,POSS: CRACK,SIDEWALK,true,false,925,9,3,37,18,1175486,1877460,2003,02/28/2018 03:56:25 PM,41.81912451,-87.631760713,"(41.81912451, -87.631760713)"
2819599,HJ472520,07/04/2003 05:32:38 PM,023XX S KIRKLAND AVE,0460,BATTERY,SIMPLE,SIDEWALK,false,false,1013,10,22,29,08B,1147718,1888186,2003,02/10/2018 03:50:01 PM,41.849135117,-87.733350341,"(41.849135117, -87.733350341)"
2795229,HJ446893,06/22/2003 02:00:00 PM,092XX S BRANDON AVE,0890,THEFT,FROM BUILDING,APARTMENT,false,false,424,4,10,46,06,1198933,1844281,2003,02/28/2018 03:56:25 PM,41.727521881,-87.546862958,"(41.727521881, -87.546862958)"
2781244,HJ429677,06/13/2003 03:00:00 PM,081XX S EVANS AVE,0820,THEFT,$500 AND UNDER,STREET,false,false,631,6,6,44,06,1182644,1851114,2003,02/10/2018 03:50:01 PM,41.746665314,-87.606319872,"(41.746665314, -87.606319872)"
2768021,HJ411096,06/05/2003 12:00:00 PM,012XX N MONTICELLO AVE,0890,THEFT,FROM BUILDING,"SCHOOL, PUBLIC, BUILDING",false,false,2535,25,26,23,06,1151811,1908030,2003,02/28/2018 03:56:25 PM,41.903509764,-87.717806169,"(41.903509764, -87.717806169)"
3240560,HJ406969,06/04/2003 12:01:00 AM,002XX E 44TH ST,0460,BATTERY,SIMPLE,OTHER,false,false,221,2,3,38,08B,1178445,1875893,2003,02/28/2018 03:56:25 PM,41.814757721,-87.620953719,"(41.814757721, -87.620953719)"
2775908,HJ403351,06/02/2003 06:40:00 PM,040XX W GLADYS AVE,2092,NARCOTICS,SOLICIT NARCOTICS ON PUBLICWAY,ALLEY,true,false,1132,11,28,26,18,1149609,1898052,2003,09/23/2025 03:41:47 PM,41.876172139,-87.726154017,"(41.876172139, -87.726154017)"
2766177,HJ388980,05/27/2003 01:00:00 AM,013XX W 57TH ST,2091,NARCOTICS,FORFEIT PROPERTY,STREET,true,false,713,7,16,67,18,1168536,1866968,2003,09/23/2025 03:41:47 PM,41.790486191,-87.657558511,"(41.790486191, -87.657558511)"
2708432,HJ335914,04/30/2003 09:00:00 AM,0000X E DELAWARE PL,0810,THEFT,OVER $500,PARKING LOT/GARAGE(NON.RESID.),false,false,1833,18,42,8,06,1176686,1906641,2003,02/10/2018 03:50:01 PM,41.899172155,-87.626477388,"(41.899172155, -87.626477388)"
2707127,HJ329015,04/28/2003 08:00:00 AM,041XX W 43RD ST,2820,OTHER OFFENSE,TELEPHONE THREAT,WAREHOUSE,false,false,815,8,14,57,08A,1149642,1875818,2003,09/23/2025 03:41:47 PM,41.815158556,-87.726609586,"(41.815158556, -87.726609586)"
2701651,HJ326416,04/27/2003 09:00:00 AM,0000X N LECLAIRE AVE,2820,OTHER OFFENSE,TELEPHONE THREAT,RESIDENCE,false,true,1533,15,28,25,08A,1142384,1899743,2003,09/23/2025 03:41:47 PM,41.880949646,-87.752640036,"(41.880949646, -87.752640036)"
2691899,HJ314252,04/21/2003 02:35:00 PM,009XX E 50TH ST,1365,CRIMINAL TRESPASS,TO RESIDENCE,RESIDENCE,true,false,2124,2,4,39,26,1183363,1872056,2003,02/28/2018 03:56:25 PM,41.804115406,-87.603033659,"(41.804115406, -87.603033659)"
2668556,HJ284472,04/06/2003 11:00:00 PM,060XX S RHODES AVE,143A,WEAPONS VIOLATION,UNLAWFUL POSS OF HANDGUN,RESIDENCE PORCH/HALLWAY,true,false,313,3,20,42,15,1180956,1865122,2003,02/10/2018 03:50:01 PM,41.785143676,-87.612074654,"(41.785143676, -87.612074654)"
2643153,HJ252733,03/21/2003 10:10:00 PM,096XX S WINSTON AVE,1310,CRIMINAL DAMAGE,TO PROPERTY,RESIDENCE,false,false,2213,22,21,73,14,1168154,1840784,2003,02/28/2018 03:56:25 PM,41.718641972,-87.659710945,"(41.718641972, -87.659710945)"
2638684,HJ248303,03/19/2003 05:00:00 PM,034XX N ELAINE PL,0810,THEFT,OVER $500,PARKING LOT/GARAGE(NON.RESID.),false,false,2331,19,44,6,06,1170831,1922973,2003,02/28/2018 03:56:25 PM,41.944118326,-87.647502709,"(41.944118326, -87.647502709)"
2626839,HJ233088,03/11/2003 08:00:00 PM,0000X E 118TH ST,0910,MOTOR VEHICLE THEFT,AUTOMOBILE,OTHER,false,false,532,5,9,53,07,1178589,1826736,2003,02/28/2018 03:56:25 PM,41.679861881,-87.621916331,"(41.679861881, -87.621916331)"
2590892,HJ185817,02/14/2003 08:00:00 PM,089XX S UNION AVE,5002,OTHER OFFENSE,OTHER VEHICLE OFFENSE,RESIDENCE-GARAGE,false,true,2223,22,21,71,26,1173206,1845613,2003,09/07/2021 03:41:02 PM,41.73178346,-87.64106501,"(41.73178346, -87.64106501)"
2579835,HJ170415,02/07/2003 08:00:00 AM,053XX W DIVISION ST,0610,BURGLARY,FORCIBLE ENTRY,RESIDENCE-GARAGE,false,false,2532,25,37,25,05,1140298,1907474,2003,02/28/2018 03:56:25 PM,41.902202935,-87.760110141,"(41.902202935, -87.760110141)"
2525456,HJ102943,01/02/2003 02:30:00 PM,089XX S HOUSTON AVE,501A,OTHER OFFENSE,ANIMAL ABUSE/NEGLECT,STREET,true,false,424,4,10,46,26,1198073,1846327,2003,02/28/2018 03:56:25 PM,41.733157789,-87.549944988,"(41.733157789, -87.549944988)"
2509510,HH849699,12/19/2002 09:30:00 PM,013XX N NORTH PARK AVE,1320,CRIMINAL DAMAGE,TO VEHICLE,STREET,false,false,1821,18,43,8,14,1173924,1909449,2002,02/28/2018 03:56:25 PM,41.90693945,-87.636538263,"(41.90693945, -87.636538263)"
2507158,HH844764,12/17/2002 05:10:00 PM,063XX S DREXEL AVE,0264,CRIM SEXUAL ASSAULT,AGGRAVATED: OTHER DANG WEAPON,APARTMENT,false,false,314,3,20,42,02,1183482,1863185,2002,02/28/2018 03:56:25 PM,41.779769857,-87.602873663,"(41.779769857, -87.602873663)"
2493017,HH814373,12/04/2002 03:50:00 PM,043XX W VAN BUREN ST,2095,NARCOTICS,ATTEMPT POSSESSION NARCOTICS,STREET,true,false,1131,11,24,26,18,1147530,1897670,2002,02/28/2018 03:56:25 PM,41.875163991,-87.733797258,"(41.875163991, -87.733797258)"
2460909,HH789262,11/18/2002 12:30:00 PM,076XX S CICERO AVE,0890,THEFT,FROM BUILDING,DEPARTMENT STORE,false,false,833,8,13,65,06,1145727,1853720,2002,02/28/2018 03:56:25 PM,41.754592961,-87.741528537,"(41.754592961, -87.741528537)"
2461245,HH783318,11/16/2002 01:33:49 PM,083XX S STATE ST,0460,BATTERY,SIMPLE,STREET,false,false,622,6,21,44,08B,1177743,1849810,2002,02/28/2018 03:56:25 PM,41.743199209,-87.624317581,"(41.743199209, -87.624317581)"
2453619,HH779676,11/14/2002 06:25:00 PM,078XX S WESTERN AVE,0530,ASSAULT,AGGRAVATED: OTHER DANG WEAPON,CAR WASH,false,false,835,8,18,70,04A,1161737,1852700,2002,02/28/2018 03:56:25 PM,41.751476738,-87.682884461,"(41.751476738, -87.682884461)"
2455257,HH778387,11/14/2002 07:40:00 AM,056XX W ADDISON ST,3710,INTERFERENCE WITH PUBLIC OFFICER,RESIST/OBSTRUCT/DISARM OFFICER,HOSPITAL BUILDING/GROUNDS,true,false,1633,16,38,15,24,1138218,1923373,2002,02/28/2018 03:56:25 PM,41.945869435,-87.767364953,"(41.945869435, -87.767364953)"
2450187,HH774601,11/12/2002 10:45:00 AM,036XX W IRVING PARK RD,0820,THEFT,$500 AND UNDER,SMALL RETAIL STORE,false,false,1732,17,33,16,06,1151455,1926336,2002,02/28/2018 03:56:25 PM,41.953749975,-87.718631773,"(41.953749975, -87.718631773)"
2448089,HH774174,11/11/2002 09:00:00 PM,026XX S SHIELDS AVE,0610,BURGLARY,FORCIBLE ENTRY,RESIDENCE-GARAGE,false,false,2113,9,11,34,05,1174393,1886861,2002,10/26/2018 04:01:05 PM,41.844946073,-87.635490076,"(41.844946073, -87.635490076)"
2447156,HH770193,11/10/2002 04:47:24 AM,045XX S SACRAMENTO AVE,1460,WEAPONS VIOLATION,POSS FIREARM/AMMO:NO FOID CARD,SIDEWALK,true,false,912,9,14,58,15,1157126,1874455,2002,02/28/2018 03:56:25 PM,41.811270025,-87.699193773,"(41.811270025, -87.699193773)"
2436045,HH757946,11/02/2002 06:00:00 PM,0000X E 72ND ST,5002,OTHER OFFENSE,OTHER VEHICLE OFFENSE,STREET,false,true,323,3,6,69,26,1178162,1857299,2002,09/07/2021 03:41:02 PM,41.763740403,-87.622555659,"(41.763740403, -87.622555659)"
2434672,HH756471,11/02/2002 04:00:00 AM,036XX N LAKEWOOD AVE,1320,CRIMINAL DAMAGE,TO VEHICLE,STREET,false,false,1923,19,44,6,14,1166980,1924347,2002,02/28/2018 03:56:25 PM,41.947972323,-87.66161761,"(41.947972323, -87.66161761)"
2430409,HH750119,10/31/2002 12:55:00 PM,018XX W 71ST ST,051A,ASSAULT,AGGRAVATED: HANDGUN,RESIDENCE,false,false,735,7,17,67,04A,1165139,1857596,2002,02/28/2018 03:56:25 PM,41.764840795,-87.670279429,"(41.764840795, -87.670279429)"
2430355,HH748020,10/30/2002 01:45:00 PM,061XX S MARSHFIELD AVE,0486,BATTERY,DOMESTIC BATTERY SIMPLE,APARTMENT,false,true,714,7,15,67,08B,1166391,1864092,2002,02/28/2018 03:56:25 PM,41.782640089,-87.665505595,"(41.782640089, -87.665505595)"
2407297,HH721353,10/17/2002 11:00:00 PM,056XX S SEELEY AVE,0460,BATTERY,SIMPLE,RESIDENCE,false,false,715,7,15,67,08B,1163657,1867209,2002,02/28/2018 03:56:25 PM,41.791251371,-87.675441838,"(41.791251371, -87.675441838)"
2412959,HH721666,10/17/2002 07:45:00 AM,030XX N MOBILE AVE,0810,THEFT,OVER $500,PARKING LOT/GARAGE(NON.RESID.),false,false,2511,25,36,19,06,1133881,1919540,2002,02/28/2018 03:56:25 PM,41.935428738,-87.783396923,"(41.935428738, -87.783396923)"
2400422,HH711902,10/13/2002 04:45:00 PM,056XX S WINCHESTER AVE,1790,OFFENSE INVOLVING CHILDREN,CHILD ABDUCTION,APARTMENT,false,true,715,7,15,67,26,1164321,1867199,2002,09/23/2025 03:41:47 PM,41.791209961,-87.673007364,"(41.791209961, -87.673007364)"
2401578,HH711462,10/13/2002 12:40:00 PM,032XX W DIVISION ST,0486,BATTERY,DOMESTIC BATTERY SIMPLE,RESIDENCE,false,true,1422,14,26,23,08B,1154598,1907800,2002,02/28/2018 03:56:25 PM,41.902823292,-87.707575007,"(41.902823292, -87.707575007)"
2393180,HH701440,10/08/2002 07:40:17 PM,095XX S UNIVERSITY AVE,0610,BURGLARY,FORCIBLE ENTRY,RESIDENCE,false,false,511,5,8,50,05,1185545,1841924,2002,02/28/2018 03:56:25 PM,41.721379208,-87.595978511,"(41.721379208, -87.595978511)"
2400783,HH700435,10/08/2002 12:40:00 PM,024XX W 62ND ST,1811,NARCOTICS,POSS: CANNABIS 30GMS OR LESS,STREET,true,false,825,8,15,66,18,1160976,1863475,2002,02/28/2018 03:56:25 PM,41.78106065,-87.685375727,"(41.78106065, -87.685375727)"
2400841,HH699158,10/07/2002 07:15:08 PM,037XX W CHICAGO AVE,2027,NARCOTICS,POSS: CRACK,SIDEWALK,true,false,1112,11,27,23,18,1151140,1905078,2002,02/28/2018 03:56:25 PM,41.895422368,-87.720348395,"(41.895422368, -87.720348395)"
2420623,HH733513,10/02/2002 08:00:00 PM,042XX N KEELER AVE,0810,THEFT,OVER $500,STREET,false,false,1722,17,39,16,06,1147645,1927769,2002,02/28/2018 03:56:25 PM,41.957756375,-87.732600929,"(41.957756375, -87.732600929)"
2343165,HH640404,09/11/2002 08:09:25 AM,043XX W 19TH ST,501A,OTHER OFFENSE,ANIMAL ABUSE/NEGLECT,APARTMENT,false,false,1012,10,24,29,26,1147695,1890291,2002,02/10/2018 03:50:01 PM,41.854911949,-87.733380777,"(41.854911949, -87.733380777)"
2339516,HH619639,09/01/2002 08:30:00 PM,042XX W JACKSON BLVD,1310,CRIMINAL DAMAGE,TO PROPERTY,RESIDENCE,false,false,1132,11,28,26,14,1148168,1898349,2002,02/28/2018 03:56:25 PM,41.877014993,-87.731437274,"(41.877014993, -87.731437274)"
2314939,HH601194,08/24/2002 03:20:15 AM,052XX S EMERALD AVE,143A,WEAPONS VIOLATION,UNLAWFUL POSS OF HANDGUN,STREET,true,false,934,9,3,61,15,1172188,1870220,2002,02/28/2018 03:56:25 PM,41.799330477,-87.644071983,"(41.799330477, -87.644071983)"
2316103,HH589785,08/19/2002 12:30:00 AM,042XX N BERNARD ST,2220,LIQUOR LAW VIOLATION,ILLEGAL POSSESSION BY MINOR,ALLEY,true,false,1723,17,33,16,22,1152631,1927903,2002,02/28/2018 03:56:25 PM,41.958026704,-87.714267033,"(41.958026704, -87.714267033)"
2304667,HH582113,08/10/2002 01:00:00 PM,010XX N KARLOV AVE,0560,ASSAULT,SIMPLE,OTHER,false,false,1111,11,37,23,08A,1148861,1906667,2002,02/28/2018 03:56:25 PM,41.899827126,-87.72867755,"(41.899827126, -87.72867755)"
2274525,HH555698,08/03/2002 05:16:07 PM,050XX S LAFLIN ST,0530,ASSAULT,AGGRAVATED: OTHER DANG WEAPON,SIDEWALK,true,true,931,9,16,61,04A,1167187,1871367,2002,09/07/2021 03:41:02 PM,41.802586555,-87.662379054,"(41.802586555, -87.662379054)"
2279036,HH554032,08/02/2002 10:15:00 PM,008XX N SEDGWICK ST,1350,CRIMINAL TRESPASS,TO STATE SUP LAND,CHA PARKING LOT/GROUNDS,true,false,1823,18,27,8,26,1173355,1906145,2002,02/28/2018 03:56:25 PM,41.897885763,-87.638726692,"(41.897885763, -87.638726692)"
2277517,HH551494,08/01/2002 07:59:43 PM,057XX W FULLERTON AVE,0820,THEFT,$500 AND UNDER,RESIDENCE PORCH/HALLWAY,false,false,2515,25,37,19,06,1137786,1915376,2002,02/10/2018 03:50:01 PM,41.923932635,-87.769146299,"(41.923932635, -87.769146299)"
2277053,HH542867,07/29/2002 04:00:00 AM,057XX S LOOMIS BLVD,0486,BATTERY,DOMESTIC BATTERY SIMPLE,RESIDENCE,false,true,713,7,16,67,08B,1167979,1866604,2002,02/28/2018 03:56:25 PM,41.789499328,-87.659611347,"(41.789499328, -87.659611347)"
2262745,HH539422,07/27/2002 01:46:13 PM,010XX W NORTH AVE,0860,THEFT,RETAIL THEFT,DEPARTMENT STORE,true,false,1811,18,32,7,06,1169336,1910832,2002,02/28/2018 03:56:25 PM,41.910835515,-87.653351515,"(41.910835515, -87.653351515)"
2257807,HH534005,07/25/2002 05:50:00 AM,062XX N WESTERN AVE,0610,BURGLARY,FORCIBLE ENTRY,RESTAURANT,false,false,2413,24,50,2,05,1159190,1941308,2002,02/28/2018 03:56:25 PM,41.99467809,-87.689783551,"(41.99467809, -87.689783551)"
2240979,HH515934,07/17/2002 08:30:00 AM,044XX W MONTANA ST,0810,THEFT,OVER $500,STREET,false,false,2524,25,31,20,06,1146321,1915951,2002,02/28/2018 03:56:25 PM,41.925352112,-87.737770304,"(41.925352112, -87.737770304)"
2188448,HH441119,06/14/2002 10:50:00 AM,054XX W DIVISION ST,0440,BATTERY,AGG: HANDS/FIST/FEET NO/MINOR INJURY,OTHER,false,false,2532,25,37,25,08B,1139836,1907464,2002,02/28/2018 03:56:25 PM,41.902183952,-87.761807405,"(41.902183952, -87.761807405)"
2182916,HH438809,06/12/2002 06:00:00 PM,010XX E 93RD ST,0610,BURGLARY,FORCIBLE ENTRY,WAREHOUSE,false,false,413,4,8,47,05,1184593,1843521,2002,02/10/2018 03:50:01 PM,41.725783883,-87.599415595,"(41.725783883, -87.599415595)"
2131177,HH367796,05/13/2002 12:55:02 AM,054XX S BISHOP ST,2028,NARCOTICS,POSS: SYNTHETIC DRUGS,VEHICLE NON-COMMERCIAL,true,false,933,9,16,61,18,1167589,1868769,2002,02/10/2018 03:50:01 PM,41.795448722,-87.660979271,"(41.795448722, -87.660979271)"
2107889,HH341030,04/30/2002 03:30:00 PM,049XX S LOOMIS BLVD,0810,THEFT,OVER $500,SIDEWALK,false,false,933,9,16,61,06,1167832,1872048,2002,02/28/2018 03:56:25 PM,41.804441455,-87.659993992,"(41.804441455, -87.659993992)"
2091014,HH321037,04/21/2002 03:00:00 AM,042XX N SACRAMENTO AV,1320,CRIMINAL DAMAGE,TO VEHICLE,STREET,false,false,1724,17,,,14,1155622,1928022,2002,02/28/2018 03:56:25 PM,41.958293428,-87.703267801,"(41.958293428, -87.703267801)"
2082484,HH290483,04/06/2002 10:00:00 AM,011XX N CICERO AV,1549,PROSTITUTION,OTHER PROSTITUTION OFFENSE,STREET,true,false,1531,15,,,16,1144159,1907058,2002,02/28/2018 03:56:25 PM,41.900989714,-87.745938405,"(41.900989714, -87.745938405)"
2068126,HH289886,04/06/2002 01:00:00 AM,070XX S OGLESBY AV,0820,THEFT,$500 AND UNDER,ALLEY,false,false,331,3,,,06,1192981,1858917,2002,02/28/2018 03:56:25 PM,41.767831458,-87.568188881,"(41.767831458, -87.568188881)"
2074315,HH288113,04/05/2002 07:42:00 PM,047XX N ARTESIAN AV,1513,PROSTITUTION,SOLICIT FOR BUSINESS,STREET,true,false,1911,19,,,16,1159177,1931503,2002,02/28/2018 03:56:25 PM,41.967773007,-87.690102222,"(41.967773007, -87.690102222)"
2065107,HH286593,04/05/2002 03:30:00 AM,031XX N RUTHERFORD AV,1320,CRIMINAL DAMAGE,TO VEHICLE,STREET,false,false,2511,25,,,14,1130872,1920108,2002,02/28/2018 03:56:25 PM,41.937039829,-87.794442254,"(41.937039829, -87.794442254)"
2043308,HH251942,03/19/2002 12:27:00 PM,033XX W FRANKLIN BL,0460,BATTERY,SIMPLE,"SCHOOL, PUBLIC, BUILDING",false,false,1123,11,,,08B,1154124,1903137,2002,02/28/2018 03:56:25 PM,41.890037052,-87.709440657,"(41.890037052, -87.709440657)"
2030135,HH240166,03/13/2002 05:00:00 PM,017XX N WILMOT AV,1330,CRIMINAL TRESPASS,TO LAND,RESIDENCE,false,true,1434,14,,,26,1161999,1911639,2002,02/28/2018 03:56:25 PM,41.91320643,-87.680282398,"(41.91320643, -87.680282398)"
2031531,HH240071,03/11/2002 09:22:00 PM,066XX S KENWOOD AV,0810,THEFT,OVER $500,STREET,false,false,321,3,,,06,1186209,1861267,2002,02/28/2018 03:56:25 PM,41.774442699,-87.592936791,"(41.774442699, -87.592936791)"
2022520,HH232474,03/09/2002 08:50:00 AM,031XX W 59 ST,1320,CRIMINAL DAMAGE,TO VEHICLE,ALLEY,false,false,824,8,,,14,1156267,1865334,2002,02/28/2018 03:56:25 PM,41.786258092,-87.702590037,"(41.786258092, -87.702590037)"
2021661,HH230349,03/07/2002 08:00:00 PM,029XX W FULTON ST,1310,CRIMINAL DAMAGE,TO PROPERTY,OTHER,false,false,1331,12,,,14,1156837,1901868,2002,02/28/2018 03:56:25 PM,41.886500235,-87.699511686,"(41.886500235, -87.699511686)"
2026541,HH224769,03/06/2002 03:13:40 AM,018XX N HUMBOLDT BV,2017,NARCOTICS,MANU/DELIVER:CRACK,APARTMENT,true,false,1421,14,,,18,1156082,1912154,2002,02/28/2018 03:56:25 PM,41.914741204,-87.70200627,"(41.914741204, -87.70200627)"
1994493,HH193509,02/17/2002 09:00:00 PM,007XX E MARQUETTE RD,2820,OTHER OFFENSE,TELEPHONE THREAT,APARTMENT,false,false,321,3,,,08A,1182167,1861409,2002,09/23/2025 03:41:47 PM,41.774926896,-87.607749512,"(41.774926896, -87.607749512)"
1983285,HH178486,02/10/2002 09:50:00 AM,0000X E MONROE ST,1360,CRIMINAL TRESPASS,TO VEHICLE,PARKING LOT/GARAGE(NON.RESID.),true,false,123,1,,,26,1177003,1899949,2002,02/28/2018 03:56:25 PM,41.880801792,-87.625515824,"(41.880801792, -87.625515824)"
1964801,HH154511,01/28/2002 09:00:00 PM,005XX N MICHIGAN AV,0820,THEFT,$500 AND UNDER,HOTEL/MOTEL,false,false,1834,18,,,06,1177347,1903741,2002,02/10/2018 03:50:01 PM,41.891199446,-87.624137626,"(41.891199446, -87.624137626)"
1943658,HH127415,01/15/2002 09:35:22 AM,046XX S STATE ST,5002,OTHER OFFENSE,OTHER VEHICLE OFFENSE,STREET,true,false,221,2,,,26,1177049,1874366,2002,02/10/2018 03:50:01 PM,41.81059914,-87.626120485,"(41.81059914, -87.626120485)"
1963785,HH156122,01/14/2002 10:00:00 AM,026XX W DIVISION ST,0810,THEFT,OVER $500,STREET,false,false,1311,12,,,06,1158580,1907879,2002,02/28/2018 03:56:25 PM,41.902959436,-87.692946188,"(41.902959436, -87.692946188)"
1937181,HH123008,01/11/2002 09:00:00 PM,061XX N NAVARRE AV,1320,CRIMINAL DAMAGE,TO VEHICLE,ALLEY,false,false,1611,16,,,14,1130108,1940301,2002,02/28/2018 03:56:25 PM,41.992464681,-87.796785396,"(41.992464681, -87.796785396)"
1928744,HH113348,01/07/2002 04:50:00 PM,072XX S WESTERN AV,0840,THEFT,FINANCIAL ID THEFT: OVER $300,OTHER,false,false,832,8,,,06,1161628,1856613,2002,02/28/2018 03:56:25 PM,41.762216849,-87.683175528,"(41.762216849, -87.683175528)"
1872429,G716815,11/29/2001 01:00:00 PM,050XX S ABERDEEN ST,0610,BURGLARY,FORCIBLE ENTRY,RESIDENCE,false,false,921,9,,,05,1169882,1871185,2001,08/17/2015 03:03:40 PM,41.802028973,-87.652500613,"(41.802028973, -87.652500613)"
1866084,G709986,11/25/2001 08:00:00 AM,012XX W NORTH AV,0820,THEFT,$500 AND UNDER,PARKING LOT/GARAGE(NON.RESID.),false,false,1433,14,,,06,1167994,1910835,2001,08/17/2015 03:03:40 PM,41.910872836,-87.65828143,"(41.910872836, -87.65828143)"
1862002,G701922,11/22/2001 09:00:00 AM,043XX S STATE ST,0460,BATTERY,SIMPLE,GAS STATION,false,true,221,2,,,08B,1176951,1876477,2001,09/07/2021 03:41:02 PM,41.816394124,-87.626416241,"(41.816394124, -87.626416241)"
1834517,G668463,11/06/2001 07:30:00 AM,078XX S SOUTH SHORE DR,4210,KIDNAPPING,KIDNAPPING,APARTMENT,false,false,421,4,,,26,1198249,1853472,2001,08/17/2015 03:03:40 PM,41.7527598,-87.549061673,"(41.7527598, -87.549061673)"
1808313,G637569,10/23/2001 01:00:00 AM,048XX W GEORGE ST,1310,CRIMINAL DAMAGE,TO PROPERTY,RESIDENCE,false,false,2521,25,,,14,1143286,1918877,2001,08/17/2015 03:03:40 PM,41.933438649,-87.748849175,"(41.933438649, -87.748849175)"
1812214,G628416,10/18/2001 10:00:00 PM,010XX N LARRABEE ST,1340,CRIMINAL DAMAGE,TO STATE SUP PROP,CHA APARTMENT,false,false,1823,18,,,14,1172192,1907241,2001,08/17/2015 03:03:40 PM,41.900919008,-87.642965844,"(41.900919008, -87.642965844)"
1781463,G603238,10/07/2001 08:00:00 PM,013XX W IRVING PARK RD,0910,MOTOR VEHICLE THEFT,AUTOMOBILE,STREET,true,false,1923,19,,,07,1166286,1926708,2001,08/17/2015 03:03:40 PM,41.954465908,-87.664100819,"(41.954465908, -87.664100819)"
1782433,G603441,10/06/2001 05:30:00 PM,025XX W 71 ST,0820,THEFT,$500 AND UNDER,OTHER,false,false,832,8,,,06,1160352,1857520,2001,08/17/2015 03:03:40 PM,41.76473216,-87.68782732,"(41.76473216, -87.68782732)"
1773552,G590998,10/02/2001 01:58:00 PM,029XX W 83 ST,0430,BATTERY,AGGRAVATED: OTHER DANG WEAPON,"SCHOOL, PRIVATE, GROUNDS",true,false,835,8,,,04B,1158181,1849398,2001,08/17/2015 03:03:40 PM,41.742488556,-87.696005219,"(41.742488556, -87.696005219)"
1770030,G586136,09/30/2001 11:56:19 AM,040XX W 25 PL,0920,MOTOR VEHICLE THEFT,ATT: AUTOMOBILE,PARKING LOT/GARAGE(NON.RESID.),false,false,1013,10,,,07,1149930,1886792,2001,08/17/2015 03:03:40 PM,41.845267108,-87.725268214,"(41.845267108, -87.725268214)"
1751895,G563827,09/20/2001 12:00:00 AM,069XX S HOYNE AV,0820,THEFT,$500 AND UNDER,STREET,false,false,735,7,,,06,1163593,1858824,2001,08/17/2015 03:03:40 PM,41.768243161,-87.675911574,"(41.768243161, -87.675911574)"
1750190,G556878,09/17/2001 03:00:00 AM,043XX W DRUMMOND PL,0610,BURGLARY,FORCIBLE ENTRY,PARKING LOT/GARAGE(NON.RESID.),false,false,2524,25,,,05,1147190,1917311,2001,08/17/2015 03:03:40 PM,41.929067472,-87.734542256,"(41.929067472, -87.734542256)"
1716013,G508197,08/25/2001 05:30:00 PM,010XX N TRUMBULL AV,0910,MOTOR VEHICLE THEFT,AUTOMOBILE,STREET,false,false,1121,11,,,07,1153137,1906880,2001,08/17/2015 03:03:40 PM,41.900327844,-87.712965994,"(41.900327844, -87.712965994)"
1694412,G489476,08/17/2001 09:00:00 AM,051XX W CORNELIA AV,0841,THEFT,FINANCIAL ID THEFT:$300 &UNDER,RESIDENCE,false,false,1634,16,,,06,1141656,1922748,2001,08/17/2015 03:03:40 PM,41.944091387,-87.754743389,"(41.944091387, -87.754743389)"
1673476,G466394,08/03/2001 12:00:00 PM,010XX W 14 ST,5001,OTHER OFFENSE,OTHER CRIME INVOLVING PROPERTY,STREET,false,false,1232,12,,,26,1169437,1893604,2001,08/17/2015 03:03:40 PM,41.863558502,-87.653481898,"(41.863558502, -87.653481898)"
1674324,G455524,08/02/2001 02:09:25 PM,0000X E GARFIELD BL,0820,THEFT,$500 AND UNDER,RESTAURANT,false,false,232,2,,,06,1177970,1868613,2001,08/17/2015 03:03:40 PM,41.794791534,-87.622916789,"(41.794791534, -87.622916789)"
1595119,G365156,06/23/2001 03:31:00 AM,011XX W CERMAK RD,0430,BATTERY,AGGRAVATED: OTHER DANG WEAPON,PARKING LOT/GARAGE(NON.RESID.),false,false,1233,12,,,04B,1168792,1889608,2001,08/17/2015 03:03:40 PM,41.852607133,-87.655965365,"(41.852607133, -87.655965365)"
1554703,G307955,05/28/2001 02:50:00 PM,048XX W HURON ST,0460,BATTERY,SIMPLE,STREET,false,true,1531,15,,,08B,1144175,1904244,2001,08/17/2015 03:03:40 PM,41.893267479,-87.745950399,"(41.893267479, -87.745950399)"
1555854,G297322,05/23/2001 11:30:00 AM,050XX S LAKE PARK AV,0460,BATTERY,SIMPLE,STREET,false,false,2132,2,,,08B,1187405,1871703,2001,08/17/2015 03:03:40 PM,41.803051549,-87.588220973,"(41.803051549, -87.588220973)"
1535075,G284812,05/17/2001 07:30:00 AM,029XX W AUGUSTA BL,0620,BURGLARY,UNLAWFUL ENTRY,RESIDENCE,false,false,1311,12,,,05,1156707,1906476,2001,08/17/2015 03:03:40 PM,41.899147643,-87.699864148,"(41.899147643, -87.699864148)"
1533479,G283580,05/16/2001 08:00:00 PM,114XX S HALSTED ST,1310,CRIMINAL DAMAGE,TO PROPERTY,OTHER,false,false,2234,22,,,14,1173000,1828769,2001,08/17/2015 03:03:40 PM,41.685565578,-87.642314848,"(41.685565578, -87.642314848)"
1531999,G282190,05/02/2001 11:00:00 AM,073XX S PERRY AV,2820,OTHER OFFENSE,TELEPHONE THREAT,RESIDENCE,false,false,731,7,,,08A,1176629,1856183,2001,09/23/2025 03:41:47 PM,41.760712595,-87.628207935,"(41.760712595, -87.628207935)"
1491770,G229762,04/22/2001 06:30:00 PM,024XX E 100 ST,1320,CRIMINAL DAMAGE,TO VEHICLE,STREET,false,false,431,4,,,14,1194315,1839182,2001,08/17/2015 03:03:40 PM,41.713644282,-87.563945996,"(41.713644282, -87.563945996)"
1486997,G225374,04/20/2001 03:00:00 PM,007XX S MICHIGAN AV,0810,THEFT,OVER $500,HOTEL/MOTEL,false,false,132,1,,,06,1177347,1897035,2001,08/17/2015 03:03:40 PM,41.872797818,-87.624341086,"(41.872797818, -87.624341086)"
1484308,G217569,04/17/2001 12:05:00 AM,001XX E 51 ST,0340,ROBBERY,ATTEMPT: STRONGARM-NO WEAPON,TAVERN/LIQUOR STORE,false,false,224,2,,,03,1178042,1871281,2001,08/17/2015 03:03:40 PM,41.802111143,-87.622571872,"(41.802111143, -87.622571872)"
1472635,G206323,04/10/2001 07:50:00 PM,060XX N WINTHROP AV,0460,BATTERY,SIMPLE,APARTMENT,false,true,2433,24,,,08B,1167725,1940298,2001,08/17/2015 03:03:40 PM,41.991726326,-87.658417282,"(41.991726326, -87.658417282)"
1457994,G181815,03/31/2001 01:30:00 AM,049XX S RACINE AV,0460,BATTERY,SIMPLE,SIDEWALK,false,false,933,9,,,08B,1169120,1871895,2001,08/17/2015 03:03:40 PM,41.80399382,-87.65527463,"(41.80399382, -87.65527463)"
1455510,G175860,03/28/2001 10:12:05 AM,028XX N SEMINARY AV,2111,NARCOTICS,SALE/DEL HYPODERMIC NEEDLE,"SCHOOL, PUBLIC, BUILDING",true,false,1932,19,,,26,1168495,1919310,2001,08/17/2015 03:03:40 PM,41.934117855,-87.656195096,"(41.934117855, -87.656195096)"
1466197,G199421,03/22/2001 07:00:00 AM,078XX W ADDISON ST,1320,CRIMINAL DAMAGE,TO VEHICLE,STREET,false,false,1631,16,,,14,1123356,1922981,2001,08/17/2015 03:03:40 PM,41.945050031,-87.82200231,"(41.945050031, -87.82200231)"
1443577,G157838,03/19/2001 09:37:33 PM,069XX W ARMITAGE AV,1310,CRIMINAL DAMAGE,TO PROPERTY,RESIDENCE,false,false,2512,25,,,14,1130040,1912577,2001,08/17/2015 03:03:40 PM,41.916388148,-87.797672943,"(41.916388148, -87.797672943)"
1429677,G152492,03/17/2001 10:40:00 AM,0000X W SOUTH WATER MK,0460,BATTERY,SIMPLE,STREET,true,false,1232,12,,,08B,,,2001,08/17/2015 03:03:40 PM,,,
1409737,G128428,03/05/2001 12:00:00 PM,009XX N CALIFORNIA AV,0910,MOTOR VEHICLE THEFT,AUTOMOBILE,STREET,false,false,1311,12,,,07,1157587,1906364,2001,08/17/2015 03:03:40 PM,41.898822429,-87.696634976,"(41.898822429, -87.696634976)"
1392141,G105159,02/20/2001 01:10:00 PM,030XX E 79 ST,0820,THEFT,$500 AND UNDER,CTA BUS,false,false,421,4,,,06,1197379,1853197,2001,08/17/2015 03:03:40 PM,41.752026898,-87.552258945,"(41.752026898, -87.552258945)"
1367845,G057688,01/28/2001 12:10:00 PM,014XX W 14 ST,1811,NARCOTICS,POSS: CANNABIS 30GMS OR LESS,CHA PARKING LOT/GROUNDS,true,false,1231,12,,,18,1167036,1893552,2001,08/17/2015 03:03:40 PM,41.863467646,-87.662297262,"(41.863467646, -87.662297262)"
1352883,G054401,01/26/2001 05:30:00 PM,014XX W 62 ST,0610,BURGLARY,FORCIBLE ENTRY,RESIDENCE,false,false,713,7,,,05,1167844,1863593,2001,08/17/2015 03:03:40 PM,41.78123968,-87.660192784,"(41.78123968, -87.660192784)"
1348255,G048596,01/23/2001 09:35:00 PM,002XX W 87 ST,0820,THEFT,$500 AND UNDER,DEPARTMENT STORE,true,false,634,6,,,06,1176385,1847251,2001,08/17/2015 03:03:40 PM,41.736207589,-87.629370032,"(41.736207589, -87.629370032)"
1334177,G031473,01/15/2001 03:00:00 PM,064XX S HALSTED ST,1130,DECEPTIVE PRACTICE,FRAUD OR CONFIDENCE GAME,STREET,true,false,723,7,,,11,1172111,1862319,2001,08/17/2015 03:03:40 PM,41.77765095,-87.644586475,"(41.77765095, -87.644586475)"
1320732,G013545,01/07/2001 09:50:00 AM,015XX W SUPERIOR ST,0460,BATTERY,SIMPLE,RESIDENCE,false,true,1324,12,,,08B,1165991,1905139,2001,08/17/2015 03:03:40 PM,41.895285647,-87.665802538,"(41.895285647, -87.665802538)"
